"No.","Time","Source IP","Source HW","Source Port","Dest IP","Dest HW","Dest Port","Protocol","Length","Info"
"1","0.000000000","10.0.2.15","CadmusCo_3b:89:8d","34994","192.168.0.1","RealtekU_12:35:02","53","DNS","81","Standard query 0x6bd4  AAAA changelogs.ubuntu.com"
"2","0.036596000","192.168.0.1","RealtekU_12:35:02","53","10.0.2.15","CadmusCo_3b:89:8d","34994","DNS","142","Standard query response 0x6bd4 "
"3","0.043193000","10.0.2.15","CadmusCo_3b:89:8d","58404","192.168.0.1","RealtekU_12:35:02","53","DNS","86","Standard query 0x1c36  AAAA changelogs.ubuntu.com.Home"
"4","0.081985000","192.168.0.1","RealtekU_12:35:02","53","10.0.2.15","CadmusCo_3b:89:8d","58404","DNS","161","Standard query response 0x1c36 No such name"
"5","0.083858000","10.0.2.15","CadmusCo_3b:89:8d","54500","192.168.0.1","RealtekU_12:35:02","53","DNS","81","Standard query 0x9a34  A changelogs.ubuntu.com"
"6","0.115927000","192.168.0.1","RealtekU_12:35:02","53","10.0.2.15","CadmusCo_3b:89:8d","54500","DNS","209","Standard query response 0x9a34  A 91.189.95.36"
"7","0.117617000","10.0.2.15","CadmusCo_3b:89:8d","40814","91.189.95.36","RealtekU_12:35:02","80","TCP","74","40814 > http [SYN] Seq=0 Win=14600 Len=0 MSS=1460 SACK_PERM=1 TSval=358992 TSecr=0 WS=64"
"8","0.146254000","91.189.95.36","RealtekU_12:35:02","80","10.0.2.15","CadmusCo_3b:89:8d","40814","TCP","60","http > 40814 [SYN, ACK] Seq=0 Ack=1 Win=65535 Len=0 MSS=1460"
"9","0.146437000","10.0.2.15","CadmusCo_3b:89:8d","40814","91.189.95.36","RealtekU_12:35:02","80","TCP","54","40814 > http [ACK] Seq=1 Ack=1 Win=14600 Len=0"
"10","0.147334000","10.0.2.15","CadmusCo_3b:89:8d","40814","91.189.95.36","RealtekU_12:35:02","80","HTTP","278","GET /meta-release HTTP/1.1 "
"11","0.148905000","91.189.95.36","RealtekU_12:35:02","80","10.0.2.15","CadmusCo_3b:89:8d","40814","TCP","60","http > 40814 [ACK] Seq=1 Ack=225 Win=65535 Len=0"
"12","0.181508000","91.189.95.36","RealtekU_12:35:02","80","10.0.2.15","CadmusCo_3b:89:8d","40814","HTTP","276","HTTP/1.1 304 Not Modified "
"13","0.181629000","10.0.2.15","CadmusCo_3b:89:8d","40814","91.189.95.36","RealtekU_12:35:02","80","TCP","54","40814 > http [ACK] Seq=225 Ack=223 Win=15544 Len=0"
"14","0.181756000","91.189.95.36","RealtekU_12:35:02","80","10.0.2.15","CadmusCo_3b:89:8d","40814","TCP","60","http > 40814 [FIN, ACK] Seq=223 Ack=225 Win=65535 Len=0"
"15","0.183923000","10.0.2.15","CadmusCo_3b:89:8d","40814","91.189.95.36","RealtekU_12:35:02","80","TCP","54","40814 > http [FIN, ACK] Seq=225 Ack=224 Win=15544 Len=0"
"16","0.184367000","91.189.95.36","RealtekU_12:35:02","80","10.0.2.15","CadmusCo_3b:89:8d","40814","TCP","60","http > 40814 [ACK] Seq=224 Ack=226 Win=65535 Len=0"
"17","99.872160000","10.0.2.15","CadmusCo_3b:89:8d","2811","192.168.0.1","RealtekU_12:35:02","53","DNS","77","Standard query 0x2712  A extras.ubuntu.com"
"18","99.876810000","10.0.2.15","CadmusCo_3b:89:8d","10608","192.168.0.1","RealtekU_12:35:02","53","DNS","79","Standard query 0x411b  A security.ubuntu.com"
"19","99.879542000","10.0.2.15","CadmusCo_3b:89:8d","57965","192.168.0.1","RealtekU_12:35:02","53","DNS","81","Standard query 0x4138  A gb.archive.ubuntu.com"
"20","99.907857000","192.168.0.1","RealtekU_12:35:02","53","10.0.2.15","CadmusCo_3b:89:8d","2811","DNS","173","Standard query response 0x2712  A 91.189.88.33"
"21","99.914182000","192.168.0.1","RealtekU_12:35:02","53","10.0.2.15","CadmusCo_3b:89:8d","10608","DNS","191","Standard query response 0x411b  A 91.189.91.13 A 91.189.92.200"
"22","99.915968000","10.0.2.15","CadmusCo_3b:89:8d","33887","91.189.88.33","RealtekU_12:35:02","80","TCP","74","33887 > http [SYN] Seq=0 Win=14600 Len=0 MSS=1460 SACK_PERM=1 TSval=383941 TSecr=0 WS=64"
"23","99.924302000","192.168.0.1","RealtekU_12:35:02","53","10.0.2.15","CadmusCo_3b:89:8d","57965","DNS","225","Standard query response 0x4138  A 194.169.254.10 A 91.189.92.200 A 91.189.92.201 A 91.189.92.202"
"24","99.931960000","10.0.2.15","CadmusCo_3b:89:8d","41524","91.189.91.13","RealtekU_12:35:02","80","TCP","74","41524 > http [SYN] Seq=0 Win=14600 Len=0 MSS=1460 SACK_PERM=1 TSval=383945 TSecr=0 WS=64"
"25","99.934076000","10.0.2.15","CadmusCo_3b:89:8d","57498","194.169.254.10","RealtekU_12:35:02","80","TCP","74","57498 > http [SYN] Seq=0 Win=14600 Len=0 MSS=1460 SACK_PERM=1 TSval=383946 TSecr=0 WS=64"
"26","99.943111000","91.189.88.33","RealtekU_12:35:02","80","10.0.2.15","CadmusCo_3b:89:8d","33887","TCP","60","http > 33887 [SYN, ACK] Seq=0 Ack=1 Win=65535 Len=0 MSS=1460"
"27","99.943323000","10.0.2.15","CadmusCo_3b:89:8d","33887","91.189.88.33","RealtekU_12:35:02","80","TCP","54","33887 > http [ACK] Seq=1 Ack=1 Win=14600 Len=0"
"28","99.965710000","194.169.254.10","RealtekU_12:35:02","80","10.0.2.15","CadmusCo_3b:89:8d","57498","TCP","60","http > 57498 [SYN, ACK] Seq=0 Ack=1 Win=65535 Len=0 MSS=1460"
"29","99.965929000","10.0.2.15","CadmusCo_3b:89:8d","57498","194.169.254.10","RealtekU_12:35:02","80","TCP","54","57498 > http [ACK] Seq=1 Ack=1 Win=14600 Len=0"
"30","99.986240000","10.0.2.15","CadmusCo_3b:89:8d","57498","194.169.254.10","RealtekU_12:35:02","80","HTTP","249","GET /ubuntu/dists/quantal/InRelease HTTP/1.1 "
"31","99.986851000","194.169.254.10","RealtekU_12:35:02","80","10.0.2.15","CadmusCo_3b:89:8d","57498","TCP","60","http > 57498 [ACK] Seq=1 Ack=196 Win=65535 Len=0"
"32","99.993304000","10.0.2.15","CadmusCo_3b:89:8d","33887","91.189.88.33","RealtekU_12:35:02","80","HTTP","245","GET /ubuntu/dists/quantal/InRelease HTTP/1.1 "
"33","99.993997000","91.189.88.33","RealtekU_12:35:02","80","10.0.2.15","CadmusCo_3b:89:8d","33887","TCP","60","http > 33887 [ACK] Seq=1 Ack=192 Win=65535 Len=0"
"34","100.017165000","194.169.254.10","RealtekU_12:35:02","80","10.0.2.15","CadmusCo_3b:89:8d","57498","HTTP","587","HTTP/1.1 404 Not Found  (text/html)"
"35","100.017297000","10.0.2.15","CadmusCo_3b:89:8d","57498","194.169.254.10","RealtekU_12:35:02","80","TCP","54","57498 > http [ACK] Seq=196 Ack=534 Win=15544 Len=0"
"36","100.019286000","10.0.2.15","CadmusCo_3b:89:8d","57498","194.169.254.10","RealtekU_12:35:02","80","HTTP","257","GET /ubuntu/dists/quantal-updates/InRelease HTTP/1.1 "
"37","100.019848000","194.169.254.10","RealtekU_12:35:02","80","10.0.2.15","CadmusCo_3b:89:8d","57498","TCP","60","http > 57498 [ACK] Seq=534 Ack=399 Win=65535 Len=0"
"38","100.025069000","91.189.88.33","RealtekU_12:35:02","80","10.0.2.15","CadmusCo_3b:89:8d","33887","HTTP","581","HTTP/1.1 404 Not Found  (text/html)"
"39","100.025267000","10.0.2.15","CadmusCo_3b:89:8d","33887","91.189.88.33","RealtekU_12:35:02","80","TCP","54","33887 > http [ACK] Seq=192 Ack=528 Win=15544 Len=0"
"40","100.035093000","91.189.91.13","RealtekU_12:35:02","80","10.0.2.15","CadmusCo_3b:89:8d","41524","TCP","60","http > 41524 [SYN, ACK] Seq=0 Ack=1 Win=65535 Len=0 MSS=1460"
"41","100.035274000","10.0.2.15","CadmusCo_3b:89:8d","41524","91.189.91.13","RealtekU_12:35:02","80","TCP","54","41524 > http [ACK] Seq=1 Ack=1 Win=14600 Len=0"
"42","100.036247000","10.0.2.15","CadmusCo_3b:89:8d","41524","91.189.91.13","RealtekU_12:35:02","80","HTTP","256","GET /ubuntu/dists/quantal-security/InRelease HTTP/1.1 "
"43","100.037258000","91.189.91.13","RealtekU_12:35:02","80","10.0.2.15","CadmusCo_3b:89:8d","41524","TCP","60","http > 41524 [ACK] Seq=1 Ack=203 Win=65535 Len=0"
"44","100.047844000","194.169.254.10","RealtekU_12:35:02","80","10.0.2.15","CadmusCo_3b:89:8d","57498","HTTP","594","HTTP/1.1 404 Not Found  (text/html)"
"45","100.048830000","10.0.2.15","CadmusCo_3b:89:8d","57498","194.169.254.10","RealtekU_12:35:02","80","HTTP","259","GET /ubuntu/dists/quantal-backports/InRelease HTTP/1.1 "
"46","100.049427000","194.169.254.10","RealtekU_12:35:02","80","10.0.2.15","CadmusCo_3b:89:8d","57498","TCP","60","http > 57498 [ACK] Seq=1074 Ack=604 Win=65535 Len=0"
"47","100.061304000","10.0.2.15","CadmusCo_3b:89:8d","33887","91.189.88.33","RealtekU_12:35:02","80","HTTP","281","GET /ubuntu/dists/quantal/Release.gpg HTTP/1.1 "
"48","100.061952000","91.189.88.33","RealtekU_12:35:02","80","10.0.2.15","CadmusCo_3b:89:8d","33887","TCP","60","http > 33887 [ACK] Seq=528 Ack=419 Win=65535 Len=0"
"49","100.078615000","194.169.254.10","RealtekU_12:35:02","80","10.0.2.15","CadmusCo_3b:89:8d","57498","HTTP","596","HTTP/1.1 404 Not Found  (text/html)"
"50","100.079864000","10.0.2.15","CadmusCo_3b:89:8d","57498","194.169.254.10","RealtekU_12:35:02","80","HTTP","285","GET /ubuntu/dists/quantal/Release.gpg HTTP/1.1 "
"51","100.080433000","194.169.254.10","RealtekU_12:35:02","80","10.0.2.15","CadmusCo_3b:89:8d","57498","TCP","60","http > 57498 [ACK] Seq=1616 Ack=835 Win=65535 Len=0"
"52","100.093086000","91.189.88.33","RealtekU_12:35:02","80","10.0.2.15","CadmusCo_3b:89:8d","33887","HTTP","416","HTTP/1.1 200 OK  (text/plain)"
"53","100.108679000","194.169.254.10","RealtekU_12:35:02","80","10.0.2.15","CadmusCo_3b:89:8d","57498","HTTP","334","HTTP/1.1 304 Not Modified "
"54","100.114849000","10.0.2.15","CadmusCo_3b:89:8d","33887","91.189.88.33","RealtekU_12:35:02","80","HTTP","293","GET /ubuntu/dists/quantal/Release HTTP/1.1 "
"55","100.115481000","91.189.88.33","RealtekU_12:35:02","80","10.0.2.15","CadmusCo_3b:89:8d","33887","TCP","60","http > 33887 [ACK] Seq=890 Ack=658 Win=65535 Len=0"
"56","100.116461000","10.0.2.15","CadmusCo_3b:89:8d","57498","194.169.254.10","RealtekU_12:35:02","80","HTTP","293","GET /ubuntu/dists/quantal-updates/Release.gpg HTTP/1.1 "
"57","100.117454000","194.169.254.10","RealtekU_12:35:02","80","10.0.2.15","CadmusCo_3b:89:8d","57498","TCP","60","http > 57498 [ACK] Seq=1896 Ack=1074 Win=65535 Len=0"
"58","100.138734000","91.189.91.13","RealtekU_12:35:02","80","10.0.2.15","CadmusCo_3b:89:8d","41524","HTTP","616","HTTP/1.1 404 Not Found  (text/html)"
"59","100.138878000","10.0.2.15","CadmusCo_3b:89:8d","41524","91.189.91.13","RealtekU_12:35:02","80","TCP","54","41524 > http [ACK] Seq=203 Ack=563 Win=15174 Len=0"
"60","100.144533000","91.189.88.33","RealtekU_12:35:02","80","10.0.2.15","CadmusCo_3b:89:8d","33887","HTTP","242","HTTP/1.1 304 Not Modified "
"61","100.147169000","194.169.254.10","RealtekU_12:35:02","80","10.0.2.15","CadmusCo_3b:89:8d","57498","HTTP","334","HTTP/1.1 304 Not Modified "
"62","100.148284000","10.0.2.15","CadmusCo_3b:89:8d","57498","194.169.254.10","RealtekU_12:35:02","80","HTTP","295","GET /ubuntu/dists/quantal-backports/Release.gpg HTTP/1.1 "
"63","100.148887000","194.169.254.10","RealtekU_12:35:02","80","10.0.2.15","CadmusCo_3b:89:8d","57498","TCP","60","http > 57498 [ACK] Seq=2176 Ack=1315 Win=65535 Len=0"
"64","100.177548000","194.169.254.10","RealtekU_12:35:02","80","10.0.2.15","CadmusCo_3b:89:8d","57498","HTTP","334","HTTP/1.1 304 Not Modified "
"65","100.182119000","10.0.2.15","CadmusCo_3b:89:8d","33887","91.189.88.33","RealtekU_12:35:02","80","TCP","54","33887 > http [ACK] Seq=658 Ack=1078 Win=17688 Len=0"
"66","100.217391000","10.0.2.15","CadmusCo_3b:89:8d","57498","194.169.254.10","RealtekU_12:35:02","80","TCP","54","57498 > http [ACK] Seq=1315 Ack=2456 Win=20596 Len=0"
"67","100.309096000","10.0.2.15","CadmusCo_3b:89:8d","57498","194.169.254.10","RealtekU_12:35:02","80","HTTP","297","GET /ubuntu/dists/quantal/Release HTTP/1.1 "
"68","100.309978000","194.169.254.10","RealtekU_12:35:02","80","10.0.2.15","CadmusCo_3b:89:8d","57498","TCP","60","http > 57498 [ACK] Seq=2456 Ack=1558 Win=65535 Len=0"
"69","100.320632000","10.0.2.15","CadmusCo_3b:89:8d","41524","91.189.91.13","RealtekU_12:35:02","80","HTTP","292","GET /ubuntu/dists/quantal-security/Release.gpg HTTP/1.1 "
"70","100.321324000","91.189.91.13","RealtekU_12:35:02","80","10.0.2.15","CadmusCo_3b:89:8d","41524","TCP","60","http > 41524 [ACK] Seq=563 Ack=441 Win=65535 Len=0"
"71","100.340342000","194.169.254.10","RealtekU_12:35:02","80","10.0.2.15","CadmusCo_3b:89:8d","57498","HTTP","335","HTTP/1.1 304 Not Modified "
"72","100.340495000","10.0.2.15","CadmusCo_3b:89:8d","57498","194.169.254.10","RealtekU_12:35:02","80","TCP","54","57498 > http [ACK] Seq=1558 Ack=2737 Win=21680 Len=0"
"73","100.345276000","10.0.2.15","CadmusCo_3b:89:8d","57498","194.169.254.10","RealtekU_12:35:02","80","HTTP","305","GET /ubuntu/dists/quantal-updates/Release HTTP/1.1 "
"74","100.345790000","194.169.254.10","RealtekU_12:35:02","80","10.0.2.15","CadmusCo_3b:89:8d","57498","TCP","60","http > 57498 [ACK] Seq=2737 Ack=1809 Win=65535 Len=0"
"75","100.379036000","194.169.254.10","RealtekU_12:35:02","80","10.0.2.15","CadmusCo_3b:89:8d","57498","HTTP","335","HTTP/1.1 304 Not Modified "
"76","100.400618000","10.0.2.15","CadmusCo_3b:89:8d","57498","194.169.254.10","RealtekU_12:35:02","80","HTTP","307","GET /ubuntu/dists/quantal-backports/Release HTTP/1.1 "
"77","100.402107000","194.169.254.10","RealtekU_12:35:02","80","10.0.2.15","CadmusCo_3b:89:8d","57498","TCP","60","http > 57498 [ACK] Seq=3018 Ack=2062 Win=65535 Len=0"
"78","100.430044000","91.189.91.13","RealtekU_12:35:02","80","10.0.2.15","CadmusCo_3b:89:8d","41524","HTTP","333","HTTP/1.1 304 Not Modified "
"79","100.430190000","10.0.2.15","CadmusCo_3b:89:8d","41524","91.189.91.13","RealtekU_12:35:02","80","TCP","54","41524 > http [ACK] Seq=441 Ack=842 Win=16298 Len=0"
"80","100.430266000","194.169.254.10","RealtekU_12:35:02","80","10.0.2.15","CadmusCo_3b:89:8d","57498","HTTP","335","HTTP/1.1 304 Not Modified "
"81","100.469395000","10.0.2.15","CadmusCo_3b:89:8d","57498","194.169.254.10","RealtekU_12:35:02","80","TCP","54","57498 > http [ACK] Seq=2062 Ack=3299 Win=23848 Len=0"
"82","100.475545000","10.0.2.15","CadmusCo_3b:89:8d","41524","91.189.91.13","RealtekU_12:35:02","80","HTTP","304","GET /ubuntu/dists/quantal-security/Release HTTP/1.1 "
"83","100.476122000","91.189.91.13","RealtekU_12:35:02","80","10.0.2.15","CadmusCo_3b:89:8d","41524","TCP","60","http > 41524 [ACK] Seq=842 Ack=691 Win=65535 Len=0"
"84","100.578159000","91.189.91.13","RealtekU_12:35:02","80","10.0.2.15","CadmusCo_3b:89:8d","41524","HTTP","334","HTTP/1.1 304 Not Modified "
"85","100.578309000","10.0.2.15","CadmusCo_3b:89:8d","41524","91.189.91.13","RealtekU_12:35:02","80","TCP","54","41524 > http [ACK] Seq=691 Ack=1122 Win=17422 Len=0"
"86","100.771011000","10.0.2.15","CadmusCo_3b:89:8d","33887","91.189.88.33","RealtekU_12:35:02","80","HTTP","293","GET /ubuntu/dists/quantal/main/source/Sources.bz2 HTTP/1.1 "
"87","100.771948000","91.189.88.33","RealtekU_12:35:02","80","10.0.2.15","CadmusCo_3b:89:8d","33887","TCP","60","http > 33887 [ACK] Seq=1078 Ack=897 Win=65535 Len=0"
"88","100.802635000","91.189.88.33","RealtekU_12:35:02","80","10.0.2.15","CadmusCo_3b:89:8d","33887","HTTP","241","HTTP/1.1 304 Not Modified "
"89","100.802820000","10.0.2.15","CadmusCo_3b:89:8d","33887","91.189.88.33","RealtekU_12:35:02","80","TCP","54","33887 > http [ACK] Seq=897 Ack=1265 Win=18760 Len=0"
"90","100.854820000","10.0.2.15","CadmusCo_3b:89:8d","33887","91.189.88.33","RealtekU_12:35:02","80","HTTP","299","GET /ubuntu/dists/quantal/main/binary-i386/Packages.bz2 HTTP/1.1 "
"91","100.855541000","91.189.88.33","RealtekU_12:35:02","80","10.0.2.15","CadmusCo_3b:89:8d","33887","TCP","60","http > 33887 [ACK] Seq=1265 Ack=1142 Win=65535 Len=0"
"92","100.885308000","91.189.88.33","RealtekU_12:35:02","80","10.0.2.15","CadmusCo_3b:89:8d","33887","HTTP","241","HTTP/1.1 304 Not Modified "
"93","100.885551000","10.0.2.15","CadmusCo_3b:89:8d","33887","91.189.88.33","RealtekU_12:35:02","80","TCP","54","33887 > http [ACK] Seq=1142 Ack=1452 Win=19832 Len=0"
"94","100.887646000","10.0.2.15","CadmusCo_3b:89:8d","33887","91.189.88.33","RealtekU_12:35:02","80","HTTP","248","GET /ubuntu/dists/quantal/main/i18n/Translation-en.bz2 HTTP/1.1 "
"95","100.888174000","91.189.88.33","RealtekU_12:35:02","80","10.0.2.15","CadmusCo_3b:89:8d","33887","TCP","60","http > 33887 [ACK] Seq=1452 Ack=1336 Win=65535 Len=0"
"96","100.919371000","91.189.88.33","RealtekU_12:35:02","80","10.0.2.15","CadmusCo_3b:89:8d","33887","HTTP","599","HTTP/1.1 404 Not Found  (text/html)"
"97","100.923698000","10.0.2.15","CadmusCo_3b:89:8d","33887","91.189.88.33","RealtekU_12:35:02","80","HTTP","251","GET /ubuntu/dists/quantal/main/i18n/Translation-en_GB.bz2 HTTP/1.1 "
"98","100.924433000","91.189.88.33","RealtekU_12:35:02","80","10.0.2.15","CadmusCo_3b:89:8d","33887","TCP","60","http > 33887 [ACK] Seq=1997 Ack=1533 Win=65535 Len=0"
"99","100.956119000","91.189.88.33","RealtekU_12:35:02","80","10.0.2.15","CadmusCo_3b:89:8d","33887","HTTP","602","HTTP/1.1 404 Not Found  (text/html)"
"100","100.994067000","10.0.2.15","CadmusCo_3b:89:8d","33887","91.189.88.33","RealtekU_12:35:02","80","TCP","54","33887 > http [ACK] Seq=1533 Ack=2545 Win=21920 Len=0"
"101","101.021420000","10.0.2.15","CadmusCo_3b:89:8d","33887","91.189.88.33","RealtekU_12:35:02","80","HTTP","247","GET /ubuntu/dists/quantal/main/i18n/Translation-en.xz HTTP/1.1 "
"102","101.022146000","91.189.88.33","RealtekU_12:35:02","80","10.0.2.15","CadmusCo_3b:89:8d","33887","TCP","60","http > 33887 [ACK] Seq=2545 Ack=1726 Win=65535 Len=0"
"103","101.052433000","91.189.88.33","RealtekU_12:35:02","80","10.0.2.15","CadmusCo_3b:89:8d","33887","HTTP","598","HTTP/1.1 404 Not Found  (text/html)"
"104","101.052654000","10.0.2.15","CadmusCo_3b:89:8d","33887","91.189.88.33","RealtekU_12:35:02","80","TCP","54","33887 > http [ACK] Seq=1726 Ack=3089 Win=23016 Len=0"
"105","101.102915000","10.0.2.15","CadmusCo_3b:89:8d","33887","91.189.88.33","RealtekU_12:35:02","80","HTTP","250","GET /ubuntu/dists/quantal/main/i18n/Translation-en_GB.xz HTTP/1.1 "
"106","101.103589000","91.189.88.33","RealtekU_12:35:02","80","10.0.2.15","CadmusCo_3b:89:8d","33887","TCP","60","http > 33887 [ACK] Seq=3089 Ack=1922 Win=65535 Len=0"
"107","101.132671000","91.189.88.33","RealtekU_12:35:02","80","10.0.2.15","CadmusCo_3b:89:8d","33887","HTTP","601","HTTP/1.1 404 Not Found  (text/html)"
"108","101.132847000","10.0.2.15","CadmusCo_3b:89:8d","33887","91.189.88.33","RealtekU_12:35:02","80","TCP","54","33887 > http [ACK] Seq=1922 Ack=3636 Win=24112 Len=0"
"109","101.164861000","10.0.2.15","CadmusCo_3b:89:8d","57498","194.169.254.10","RealtekU_12:35:02","80","HTTP","297","GET /ubuntu/dists/quantal/main/source/Sources.bz2 HTTP/1.1 "
"110","101.166248000","194.169.254.10","RealtekU_12:35:02","80","10.0.2.15","CadmusCo_3b:89:8d","57498","TCP","60","http > 57498 [ACK] Seq=3299 Ack=2305 Win=65535 Len=0"
"111","101.173307000","10.0.2.15","CadmusCo_3b:89:8d","33887","91.189.88.33","RealtekU_12:35:02","80","HTTP","249","GET /ubuntu/dists/quantal/main/i18n/Translation-en.lzma HTTP/1.1 "
"112","101.174016000","91.189.88.33","RealtekU_12:35:02","80","10.0.2.15","CadmusCo_3b:89:8d","33887","TCP","60","http > 33887 [ACK] Seq=3636 Ack=2117 Win=65535 Len=0"
"113","101.195710000","194.169.254.10","RealtekU_12:35:02","80","10.0.2.15","CadmusCo_3b:89:8d","57498","HTTP","336","HTTP/1.1 304 Not Modified "
"114","101.195879000","10.0.2.15","CadmusCo_3b:89:8d","57498","194.169.254.10","RealtekU_12:35:02","80","TCP","54","57498 > http [ACK] Seq=2305 Ack=3581 Win=24932 Len=0"
"115","101.205559000","91.189.88.33","RealtekU_12:35:02","80","10.0.2.15","CadmusCo_3b:89:8d","33887","HTTP","600","HTTP/1.1 404 Not Found  (text/html)"
"116","101.205823000","10.0.2.15","CadmusCo_3b:89:8d","33887","91.189.88.33","RealtekU_12:35:02","80","TCP","54","33887 > http [ACK] Seq=2117 Ack=4182 Win=25208 Len=0"
"117","101.227102000","10.0.2.15","CadmusCo_3b:89:8d","57498","194.169.254.10","RealtekU_12:35:02","80","HTTP","303","GET /ubuntu/dists/quantal/restricted/source/Sources.bz2 HTTP/1.1 "
"118","101.228178000","194.169.254.10","RealtekU_12:35:02","80","10.0.2.15","CadmusCo_3b:89:8d","57498","TCP","60","http > 57498 [ACK] Seq=3581 Ack=2554 Win=65535 Len=0"
"119","101.250418000","10.0.2.15","CadmusCo_3b:89:8d","33887","91.189.88.33","RealtekU_12:35:02","80","HTTP","252","GET /ubuntu/dists/quantal/main/i18n/Translation-en_GB.lzma HTTP/1.1 "
"120","101.251139000","91.189.88.33","RealtekU_12:35:02","80","10.0.2.15","CadmusCo_3b:89:8d","33887","TCP","60","http > 33887 [ACK] Seq=4182 Ack=2315 Win=65535 Len=0"
"121","101.257682000","194.169.254.10","RealtekU_12:35:02","80","10.0.2.15","CadmusCo_3b:89:8d","57498","HTTP","335","HTTP/1.1 304 Not Modified "
"122","101.264156000","10.0.2.15","CadmusCo_3b:89:8d","57498","194.169.254.10","RealtekU_12:35:02","80","HTTP","301","GET /ubuntu/dists/quantal/universe/source/Sources.bz2 HTTP/1.1 "
"123","101.264800000","194.169.254.10","RealtekU_12:35:02","80","10.0.2.15","CadmusCo_3b:89:8d","57498","TCP","60","http > 57498 [ACK] Seq=3862 Ack=2801 Win=65535 Len=0"
"124","101.281548000","91.189.88.33","RealtekU_12:35:02","80","10.0.2.15","CadmusCo_3b:89:8d","33887","HTTP","603","HTTP/1.1 404 Not Found  (text/html)"
"125","101.281706000","10.0.2.15","CadmusCo_3b:89:8d","33887","91.189.88.33","RealtekU_12:35:02","80","TCP","54","33887 > http [ACK] Seq=2315 Ack=4731 Win=26352 Len=0"
"126","101.294189000","194.169.254.10","RealtekU_12:35:02","80","10.0.2.15","CadmusCo_3b:89:8d","57498","HTTP","337","HTTP/1.1 304 Not Modified "
"127","101.302719000","10.0.2.15","CadmusCo_3b:89:8d","57498","194.169.254.10","RealtekU_12:35:02","80","HTTP","303","GET /ubuntu/dists/quantal/multiverse/source/Sources.bz2 HTTP/1.1 "
"128","101.303220000","194.169.254.10","RealtekU_12:35:02","80","10.0.2.15","CadmusCo_3b:89:8d","57498","TCP","60","http > 57498 [ACK] Seq=4145 Ack=3050 Win=65535 Len=0"
"129","101.331795000","194.169.254.10","RealtekU_12:35:02","80","10.0.2.15","CadmusCo_3b:89:8d","57498","HTTP","336","HTTP/1.1 304 Not Modified "
"130","101.339860000","10.0.2.15","CadmusCo_3b:89:8d","57498","194.169.254.10","RealtekU_12:35:02","80","HTTP","303","GET /ubuntu/dists/quantal/main/binary-i386/Packages.bz2 HTTP/1.1 "
"131","101.340564000","194.169.254.10","RealtekU_12:35:02","80","10.0.2.15","CadmusCo_3b:89:8d","57498","TCP","60","http > 57498 [ACK] Seq=4427 Ack=3299 Win=65535 Len=0"
"132","101.369974000","194.169.254.10","RealtekU_12:35:02","80","10.0.2.15","CadmusCo_3b:89:8d","57498","HTTP","337","HTTP/1.1 304 Not Modified "
"133","101.378678000","10.0.2.15","CadmusCo_3b:89:8d","57498","194.169.254.10","RealtekU_12:35:02","80","HTTP","309","GET /ubuntu/dists/quantal/restricted/binary-i386/Packages.bz2 HTTP/1.1 "
"134","101.379383000","194.169.254.10","RealtekU_12:35:02","80","10.0.2.15","CadmusCo_3b:89:8d","57498","TCP","60","http > 57498 [ACK] Seq=4710 Ack=3554 Win=65535 Len=0"
"135","101.402544000","10.0.2.15","CadmusCo_3b:89:8d","33887","91.189.88.33","RealtekU_12:35:02","80","HTTP","247","GET /ubuntu/dists/quantal/main/i18n/Translation-en.gz HTTP/1.1 "
"136","101.403332000","91.189.88.33","RealtekU_12:35:02","80","10.0.2.15","CadmusCo_3b:89:8d","33887","TCP","60","http > 33887 [ACK] Seq=4731 Ack=2508 Win=65535 Len=0"
"137","101.408642000","194.169.254.10","RealtekU_12:35:02","80","10.0.2.15","CadmusCo_3b:89:8d","57498","HTTP","335","HTTP/1.1 304 Not Modified "
"138","101.415441000","10.0.2.15","CadmusCo_3b:89:8d","57498","194.169.254.10","RealtekU_12:35:02","80","HTTP","307","GET /ubuntu/dists/quantal/universe/binary-i386/Packages.bz2 HTTP/1.1 "
"139","101.416093000","194.169.254.10","RealtekU_12:35:02","80","10.0.2.15","CadmusCo_3b:89:8d","57498","TCP","60","http > 57498 [ACK] Seq=4991 Ack=3807 Win=65535 Len=0"
"140","101.433412000","91.189.88.33","RealtekU_12:35:02","80","10.0.2.15","CadmusCo_3b:89:8d","33887","HTTP","598","HTTP/1.1 404 Not Found  (text/html)"
"141","101.433570000","10.0.2.15","CadmusCo_3b:89:8d","33887","91.189.88.33","RealtekU_12:35:02","80","TCP","54","33887 > http [ACK] Seq=2508 Ack=5275 Win=27450 Len=0"
"142","101.444308000","194.169.254.10","RealtekU_12:35:02","80","10.0.2.15","CadmusCo_3b:89:8d","57498","HTTP","337","HTTP/1.1 304 Not Modified "
"143","101.445392000","10.0.2.15","CadmusCo_3b:89:8d","57498","194.169.254.10","RealtekU_12:35:02","80","HTTP","309","GET /ubuntu/dists/quantal/multiverse/binary-i386/Packages.bz2 HTTP/1.1 "
"144","101.445932000","194.169.254.10","RealtekU_12:35:02","80","10.0.2.15","CadmusCo_3b:89:8d","57498","TCP","60","http > 57498 [ACK] Seq=5274 Ack=4062 Win=65535 Len=0"
"145","101.475679000","194.169.254.10","RealtekU_12:35:02","80","10.0.2.15","CadmusCo_3b:89:8d","57498","HTTP","336","HTTP/1.1 304 Not Modified "
"146","101.483862000","10.0.2.15","CadmusCo_3b:89:8d","57498","194.169.254.10","RealtekU_12:35:02","80","TCP","89","[TCP segment of a reassembled PDU]"
"147","101.484702000","194.169.254.10","RealtekU_12:35:02","80","10.0.2.15","CadmusCo_3b:89:8d","57498","TCP","60","http > 57498 [ACK] Seq=5556 Ack=4097 Win=65535 Len=0"
"148","101.489637000","10.0.2.15","CadmusCo_3b:89:8d","57498","194.169.254.10","RealtekU_12:35:02","80","HTTP","267","GET /ubuntu/dists/quantal/main/i18n/Translation-en.bz2 HTTP/1.1 "
"149","101.490327000","194.169.254.10","RealtekU_12:35:02","80","10.0.2.15","CadmusCo_3b:89:8d","57498","TCP","60","http > 57498 [ACK] Seq=5556 Ack=4310 Win=65535 Len=0"
"150","101.531184000","10.0.2.15","CadmusCo_3b:89:8d","33887","91.189.88.33","RealtekU_12:35:02","80","HTTP","250","GET /ubuntu/dists/quantal/main/i18n/Translation-en_GB.gz HTTP/1.1 "
"151","101.532054000","91.189.88.33","RealtekU_12:35:02","80","10.0.2.15","CadmusCo_3b:89:8d","33887","TCP","60","http > 33887 [ACK] Seq=5275 Ack=2704 Win=65535 Len=0"
"152","101.563877000","91.189.88.33","RealtekU_12:35:02","80","10.0.2.15","CadmusCo_3b:89:8d","33887","HTTP","601","HTTP/1.1 404 Not Found  (text/html)"
"153","101.564178000","10.0.2.15","CadmusCo_3b:89:8d","33887","91.189.88.33","RealtekU_12:35:02","80","TCP","54","33887 > http [ACK] Seq=2704 Ack=5822 Win=28548 Len=0"
"154","101.583332000","194.169.254.10","RealtekU_12:35:02","80","10.0.2.15","CadmusCo_3b:89:8d","57498","HTTP","237","HTTP/1.1 304 Not Modified "
"155","101.594558000","10.0.2.15","CadmusCo_3b:89:8d","57498","194.169.254.10","RealtekU_12:35:02","80","HTTP","305","GET /ubuntu/dists/quantal/main/i18n/Translation-en_GB.bz2 HTTP/1.1 "
"156","101.595190000","194.169.254.10","RealtekU_12:35:02","80","10.0.2.15","CadmusCo_3b:89:8d","57498","TCP","60","http > 57498 [ACK] Seq=5739 Ack=4561 Win=65535 Len=0"
"157","101.622684000","194.169.254.10","RealtekU_12:35:02","80","10.0.2.15","CadmusCo_3b:89:8d","57498","HTTP","237","HTTP/1.1 304 Not Modified "
"158","101.624087000","10.0.2.15","CadmusCo_3b:89:8d","33887","91.189.88.33","RealtekU_12:35:02","80","HTTP","260","GET /ubuntu/dists/quantal/main/i18n/Translation-en HTTP/1.1 "
"159","101.624747000","91.189.88.33","RealtekU_12:35:02","80","10.0.2.15","CadmusCo_3b:89:8d","33887","TCP","60","http > 33887 [ACK] Seq=5822 Ack=2910 Win=65535 Len=0"
"160","101.626194000","10.0.2.15","CadmusCo_3b:89:8d","57498","194.169.254.10","RealtekU_12:35:02","80","HTTP","308","GET /ubuntu/dists/quantal/multiverse/i18n/Translation-en.bz2 HTTP/1.1 "
"161","101.627021000","194.169.254.10","RealtekU_12:35:02","80","10.0.2.15","CadmusCo_3b:89:8d","57498","TCP","60","http > 57498 [ACK] Seq=5922 Ack=4815 Win=65535 Len=0"
"162","101.654506000","91.189.88.33","RealtekU_12:35:02","80","10.0.2.15","CadmusCo_3b:89:8d","33887","HTTP","595","HTTP/1.1 404 Not Found  (text/html)"
"163","101.654626000","10.0.2.15","CadmusCo_3b:89:8d","33887","91.189.88.33","RealtekU_12:35:02","80","TCP","54","33887 > http [ACK] Seq=2910 Ack=6363 Win=29646 Len=0"
"164","101.655355000","194.169.254.10","RealtekU_12:35:02","80","10.0.2.15","CadmusCo_3b:89:8d","57498","HTTP","237","HTTP/1.1 304 Not Modified "
"165","101.660974000","10.0.2.15","CadmusCo_3b:89:8d","57498","194.169.254.10","RealtekU_12:35:02","80","HTTP","311","GET /ubuntu/dists/quantal/multiverse/i18n/Translation-en_GB.bz2 HTTP/1.1 "
"166","101.661512000","194.169.254.10","RealtekU_12:35:02","80","10.0.2.15","CadmusCo_3b:89:8d","57498","TCP","60","http > 57498 [ACK] Seq=6105 Ack=5072 Win=65535 Len=0"
"167","101.689462000","194.169.254.10","RealtekU_12:35:02","80","10.0.2.15","CadmusCo_3b:89:8d","57498","HTTP","237","HTTP/1.1 304 Not Modified "
"168","101.691368000","10.0.2.15","CadmusCo_3b:89:8d","57498","194.169.254.10","RealtekU_12:35:02","80","HTTP","308","GET /ubuntu/dists/quantal/restricted/i18n/Translation-en.bz2 HTTP/1.1 "
"169","101.692134000","194.169.254.10","RealtekU_12:35:02","80","10.0.2.15","CadmusCo_3b:89:8d","57498","TCP","60","http > 57498 [ACK] Seq=6288 Ack=5326 Win=65535 Len=0"
"170","101.717778000","10.0.2.15","CadmusCo_3b:89:8d","33887","91.189.88.33","RealtekU_12:35:02","80","HTTP","263","GET /ubuntu/dists/quantal/main/i18n/Translation-en_GB HTTP/1.1 "
"171","101.718474000","91.189.88.33","RealtekU_12:35:02","80","10.0.2.15","CadmusCo_3b:89:8d","33887","TCP","60","http > 33887 [ACK] Seq=6363 Ack=3119 Win=65535 Len=0"
"172","101.736589000","194.169.254.10","RealtekU_12:35:02","80","10.0.2.15","CadmusCo_3b:89:8d","57498","HTTP","235","HTTP/1.1 304 Not Modified "
"173","101.738223000","10.0.2.15","CadmusCo_3b:89:8d","57498","194.169.254.10","RealtekU_12:35:02","80","HTTP","311","GET /ubuntu/dists/quantal/restricted/i18n/Translation-en_GB.bz2 HTTP/1.1 "
"174","101.738871000","194.169.254.10","RealtekU_12:35:02","80","10.0.2.15","CadmusCo_3b:89:8d","57498","TCP","60","http > 57498 [ACK] Seq=6469 Ack=5583 Win=65535 Len=0"
"175","101.747697000","91.189.88.33","RealtekU_12:35:02","80","10.0.2.15","CadmusCo_3b:89:8d","33887","HTTP","598","HTTP/1.1 404 Not Found  (text/html)"
"176","101.747881000","10.0.2.15","CadmusCo_3b:89:8d","33887","91.189.88.33","RealtekU_12:35:02","80","TCP","54","33887 > http [ACK] Seq=3119 Ack=6907 Win=30744 Len=0"
"177","101.767918000","194.169.254.10","RealtekU_12:35:02","80","10.0.2.15","CadmusCo_3b:89:8d","57498","HTTP","235","HTTP/1.1 304 Not Modified "
"178","101.770320000","10.0.2.15","CadmusCo_3b:89:8d","57498","194.169.254.10","RealtekU_12:35:02","80","HTTP","306","GET /ubuntu/dists/quantal/universe/i18n/Translation-en.bz2 HTTP/1.1 "
"179","101.770938000","194.169.254.10","RealtekU_12:35:02","80","10.0.2.15","CadmusCo_3b:89:8d","57498","TCP","60","http > 57498 [ACK] Seq=6650 Ack=5835 Win=65535 Len=0"
"180","101.801030000","194.169.254.10","RealtekU_12:35:02","80","10.0.2.15","CadmusCo_3b:89:8d","57498","HTTP","238","HTTP/1.1 304 Not Modified "
"181","101.806197000","10.0.2.15","CadmusCo_3b:89:8d","57498","194.169.254.10","RealtekU_12:35:02","80","HTTP","309","GET /ubuntu/dists/quantal/universe/i18n/Translation-en_GB.bz2 HTTP/1.1 "
"182","101.806860000","194.169.254.10","RealtekU_12:35:02","80","10.0.2.15","CadmusCo_3b:89:8d","57498","TCP","60","http > 57498 [ACK] Seq=6834 Ack=6090 Win=65535 Len=0"
"183","101.837138000","194.169.254.10","RealtekU_12:35:02","80","10.0.2.15","CadmusCo_3b:89:8d","57498","HTTP","236","HTTP/1.1 304 Not Modified "
"184","101.845821000","10.0.2.15","CadmusCo_3b:89:8d","57498","194.169.254.10","RealtekU_12:35:02","80","HTTP","305","GET /ubuntu/dists/quantal-updates/main/source/Sources.bz2 HTTP/1.1 "
"185","101.846490000","194.169.254.10","RealtekU_12:35:02","80","10.0.2.15","CadmusCo_3b:89:8d","57498","TCP","60","http > 57498 [ACK] Seq=7016 Ack=6341 Win=65535 Len=0"
"186","101.877750000","194.169.254.10","RealtekU_12:35:02","80","10.0.2.15","CadmusCo_3b:89:8d","57498","HTTP","336","HTTP/1.1 304 Not Modified "
"187","101.892904000","10.0.2.15","CadmusCo_3b:89:8d","57498","194.169.254.10","RealtekU_12:35:02","80","HTTP","311","GET /ubuntu/dists/quantal-updates/restricted/source/Sources.bz2 HTTP/1.1 "
"188","101.893477000","194.169.254.10","RealtekU_12:35:02","80","10.0.2.15","CadmusCo_3b:89:8d","57498","TCP","60","http > 57498 [ACK] Seq=7298 Ack=6598 Win=65535 Len=0"
"189","101.922601000","194.169.254.10","RealtekU_12:35:02","80","10.0.2.15","CadmusCo_3b:89:8d","57498","HTTP","334","HTTP/1.1 304 Not Modified "
"190","101.923314000","10.0.2.15","CadmusCo_3b:89:8d","57498","194.169.254.10","RealtekU_12:35:02","80","HTTP","309","GET /ubuntu/dists/quantal-updates/universe/source/Sources.bz2 HTTP/1.1 "
"191","101.923839000","194.169.254.10","RealtekU_12:35:02","80","10.0.2.15","CadmusCo_3b:89:8d","57498","TCP","60","http > 57498 [ACK] Seq=7578 Ack=6853 Win=65535 Len=0"
"192","101.956579000","194.169.254.10","RealtekU_12:35:02","80","10.0.2.15","CadmusCo_3b:89:8d","57498","HTTP","336","HTTP/1.1 304 Not Modified "
"193","101.957549000","10.0.2.15","CadmusCo_3b:89:8d","57498","194.169.254.10","RealtekU_12:35:02","80","HTTP","311","GET /ubuntu/dists/quantal-updates/multiverse/source/Sources.bz2 HTTP/1.1 "
"194","101.958065000","194.169.254.10","RealtekU_12:35:02","80","10.0.2.15","CadmusCo_3b:89:8d","57498","TCP","60","http > 57498 [ACK] Seq=7860 Ack=7110 Win=65535 Len=0"
"195","101.994047000","194.169.254.10","RealtekU_12:35:02","80","10.0.2.15","CadmusCo_3b:89:8d","57498","HTTP","334","HTTP/1.1 304 Not Modified "
"196","101.995662000","10.0.2.15","CadmusCo_3b:89:8d","57498","194.169.254.10","RealtekU_12:35:02","80","HTTP","311","GET /ubuntu/dists/quantal-updates/main/binary-i386/Packages.bz2 HTTP/1.1 "
"197","101.996348000","194.169.254.10","RealtekU_12:35:02","80","10.0.2.15","CadmusCo_3b:89:8d","57498","TCP","60","http > 57498 [ACK] Seq=8140 Ack=7367 Win=65535 Len=0"
"198","102.027157000","194.169.254.10","RealtekU_12:35:02","80","10.0.2.15","CadmusCo_3b:89:8d","57498","HTTP","336","HTTP/1.1 304 Not Modified "
"199","102.030423000","10.0.2.15","CadmusCo_3b:89:8d","57498","194.169.254.10","RealtekU_12:35:02","80","HTTP","317","GET /ubuntu/dists/quantal-updates/restricted/binary-i386/Packages.bz2 HTTP/1.1 "
"200","102.031109000","194.169.254.10","RealtekU_12:35:02","80","10.0.2.15","CadmusCo_3b:89:8d","57498","TCP","60","http > 57498 [ACK] Seq=8422 Ack=7630 Win=65535 Len=0"
"201","102.089877000","194.169.254.10","RealtekU_12:35:02","80","10.0.2.15","CadmusCo_3b:89:8d","57498","HTTP","334","HTTP/1.1 304 Not Modified "
"202","102.090819000","10.0.2.15","CadmusCo_3b:89:8d","57498","194.169.254.10","RealtekU_12:35:02","80","HTTP","315","GET /ubuntu/dists/quantal-updates/universe/binary-i386/Packages.bz2 HTTP/1.1 "
"203","102.091431000","194.169.254.10","RealtekU_12:35:02","80","10.0.2.15","CadmusCo_3b:89:8d","57498","TCP","60","http > 57498 [ACK] Seq=8702 Ack=7891 Win=65535 Len=0"
"204","102.120972000","194.169.254.10","RealtekU_12:35:02","80","10.0.2.15","CadmusCo_3b:89:8d","57498","HTTP","336","HTTP/1.1 304 Not Modified "
"205","102.129697000","10.0.2.15","CadmusCo_3b:89:8d","57498","194.169.254.10","RealtekU_12:35:02","80","HTTP","317","GET /ubuntu/dists/quantal-updates/multiverse/binary-i386/Packages.bz2 HTTP/1.1 "
"206","102.130390000","194.169.254.10","RealtekU_12:35:02","80","10.0.2.15","CadmusCo_3b:89:8d","57498","TCP","60","http > 57498 [ACK] Seq=8984 Ack=8154 Win=65535 Len=0"
"207","102.159500000","194.169.254.10","RealtekU_12:35:02","80","10.0.2.15","CadmusCo_3b:89:8d","57498","HTTP","335","HTTP/1.1 304 Not Modified "
"208","102.165083000","10.0.2.15","CadmusCo_3b:89:8d","57498","194.169.254.10","RealtekU_12:35:02","80","TCP","93","[TCP segment of a reassembled PDU]"
"209","102.165467000","194.169.254.10","RealtekU_12:35:02","80","10.0.2.15","CadmusCo_3b:89:8d","57498","TCP","60","http > 57498 [ACK] Seq=9265 Ack=8193 Win=65535 Len=0"
"210","102.165936000","10.0.2.15","CadmusCo_3b:89:8d","57498","194.169.254.10","RealtekU_12:35:02","80","HTTP","271","GET /ubuntu/dists/quantal-updates/main/i18n/Translation-en.bz2 HTTP/1.1 "
"211","102.166495000","194.169.254.10","RealtekU_12:35:02","80","10.0.2.15","CadmusCo_3b:89:8d","57498","TCP","60","http > 57498 [ACK] Seq=9265 Ack=8410 Win=65535 Len=0"
"212","102.253569000","194.169.254.10","RealtekU_12:35:02","80","10.0.2.15","CadmusCo_3b:89:8d","57498","HTTP","237","HTTP/1.1 304 Not Modified "
"213","102.256377000","10.0.2.15","CadmusCo_3b:89:8d","57498","194.169.254.10","RealtekU_12:35:02","80","HTTP","263","GET /ubuntu/dists/quantal-updates/main/i18n/Translation-en_GB.bz2 HTTP/1.1 "
"214","102.257046000","194.169.254.10","RealtekU_12:35:02","80","10.0.2.15","CadmusCo_3b:89:8d","57498","TCP","60","http > 57498 [ACK] Seq=9448 Ack=8619 Win=65535 Len=0"
"215","102.271955000","10.0.2.15","CadmusCo_3b:89:8d","41524","91.189.91.13","RealtekU_12:35:02","80","HTTP","304","GET /ubuntu/dists/quantal-security/main/source/Sources.bz2 HTTP/1.1 "
"216","102.272723000","91.189.91.13","RealtekU_12:35:02","80","10.0.2.15","CadmusCo_3b:89:8d","41524","TCP","60","http > 41524 [ACK] Seq=1122 Ack=941 Win=65535 Len=0"
"217","102.288581000","194.169.254.10","RealtekU_12:35:02","80","10.0.2.15","CadmusCo_3b:89:8d","57498","HTTP","616","HTTP/1.1 404 Not Found  (text/html)"
"218","102.295309000","10.0.2.15","CadmusCo_3b:89:8d","57498","194.169.254.10","RealtekU_12:35:02","80","HTTP","316","GET /ubuntu/dists/quantal-updates/multiverse/i18n/Translation-en.bz2 HTTP/1.1 "
"219","102.295887000","194.169.254.10","RealtekU_12:35:02","80","10.0.2.15","CadmusCo_3b:89:8d","57498","TCP","60","http > 57498 [ACK] Seq=10010 Ack=8881 Win=65535 Len=0"
"220","102.326357000","194.169.254.10","RealtekU_12:35:02","80","10.0.2.15","CadmusCo_3b:89:8d","57498","HTTP","236","HTTP/1.1 304 Not Modified "
"221","102.334360000","10.0.2.15","CadmusCo_3b:89:8d","57498","194.169.254.10","RealtekU_12:35:02","80","HTTP","269","GET /ubuntu/dists/quantal-updates/multiverse/i18n/Translation-en_GB.bz2 HTTP/1.1 "
"222","102.334922000","194.169.254.10","RealtekU_12:35:02","80","10.0.2.15","CadmusCo_3b:89:8d","57498","TCP","60","http > 57498 [ACK] Seq=10192 Ack=9096 Win=65535 Len=0"
"223","102.363832000","194.169.254.10","RealtekU_12:35:02","80","10.0.2.15","CadmusCo_3b:89:8d","57498","HTTP","622","HTTP/1.1 404 Not Found  (text/html)"
"224","102.367544000","10.0.2.15","CadmusCo_3b:89:8d","57498","194.169.254.10","RealtekU_12:35:02","80","HTTP","316","GET /ubuntu/dists/quantal-updates/restricted/i18n/Translation-en.bz2 HTTP/1.1 "
"225","102.368703000","194.169.254.10","RealtekU_12:35:02","80","10.0.2.15","CadmusCo_3b:89:8d","57498","TCP","60","http > 57498 [ACK] Seq=10760 Ack=9358 Win=65535 Len=0"
"226","102.375300000","91.189.91.13","RealtekU_12:35:02","80","10.0.2.15","CadmusCo_3b:89:8d","41524","HTTP","334","HTTP/1.1 304 Not Modified "
"227","102.375442000","10.0.2.15","CadmusCo_3b:89:8d","41524","91.189.91.13","RealtekU_12:35:02","80","TCP","54","41524 > http [ACK] Seq=941 Ack=1402 Win=18546 Len=0"
"228","102.397437000","194.169.254.10","RealtekU_12:35:02","80","10.0.2.15","CadmusCo_3b:89:8d","57498","HTTP","235","HTTP/1.1 304 Not Modified "
"229","102.430825000","10.0.2.15","CadmusCo_3b:89:8d","41524","91.189.91.13","RealtekU_12:35:02","80","HTTP","310","GET /ubuntu/dists/quantal-security/restricted/source/Sources.bz2 HTTP/1.1 "
"230","102.431718000","91.189.91.13","RealtekU_12:35:02","80","10.0.2.15","CadmusCo_3b:89:8d","41524","TCP","60","http > 41524 [ACK] Seq=1402 Ack=1197 Win=65535 Len=0"
"231","102.437306000","10.0.2.15","CadmusCo_3b:89:8d","57498","194.169.254.10","RealtekU_12:35:02","80","TCP","54","57498 > http [ACK] Seq=9358 Ack=10941 Win=41734 Len=0"
"232","102.438624000","10.0.2.15","CadmusCo_3b:89:8d","57498","194.169.254.10","RealtekU_12:35:02","80","HTTP","269","GET /ubuntu/dists/quantal-updates/restricted/i18n/Translation-en_GB.bz2 HTTP/1.1 "
"233","102.439114000","194.169.254.10","RealtekU_12:35:02","80","10.0.2.15","CadmusCo_3b:89:8d","57498","TCP","60","http > 57498 [ACK] Seq=10941 Ack=9573 Win=65535 Len=0"
"234","102.468563000","194.169.254.10","RealtekU_12:35:02","80","10.0.2.15","CadmusCo_3b:89:8d","57498","HTTP","622","HTTP/1.1 404 Not Found  (text/html)"
"235","102.470025000","10.0.2.15","CadmusCo_3b:89:8d","57498","194.169.254.10","RealtekU_12:35:02","80","HTTP","314","GET /ubuntu/dists/quantal-updates/universe/i18n/Translation-en.bz2 HTTP/1.1 "
"236","102.470566000","194.169.254.10","RealtekU_12:35:02","80","10.0.2.15","CadmusCo_3b:89:8d","57498","TCP","60","http > 57498 [ACK] Seq=11509 Ack=9833 Win=65535 Len=0"
"237","102.502133000","194.169.254.10","RealtekU_12:35:02","80","10.0.2.15","CadmusCo_3b:89:8d","57498","HTTP","237","HTTP/1.1 304 Not Modified "
"238","102.503738000","10.0.2.15","CadmusCo_3b:89:8d","57498","194.169.254.10","RealtekU_12:35:02","80","HTTP","267","GET /ubuntu/dists/quantal-updates/universe/i18n/Translation-en_GB.bz2 HTTP/1.1 "
"239","102.504260000","194.169.254.10","RealtekU_12:35:02","80","10.0.2.15","CadmusCo_3b:89:8d","57498","TCP","60","http > 57498 [ACK] Seq=11692 Ack=10046 Win=65535 Len=0"
"240","102.532661000","194.169.254.10","RealtekU_12:35:02","80","10.0.2.15","CadmusCo_3b:89:8d","57498","HTTP","620","HTTP/1.1 404 Not Found  (text/html)"
"241","102.533938000","91.189.91.13","RealtekU_12:35:02","80","10.0.2.15","CadmusCo_3b:89:8d","41524","HTTP","331","HTTP/1.1 304 Not Modified "
"242","102.534041000","10.0.2.15","CadmusCo_3b:89:8d","41524","91.189.91.13","RealtekU_12:35:02","80","TCP","54","41524 > http [ACK] Seq=1197 Ack=1679 Win=19670 Len=0"
"243","102.535500000","10.0.2.15","CadmusCo_3b:89:8d","57498","194.169.254.10","RealtekU_12:35:02","80","HTTP","307","GET /ubuntu/dists/quantal-backports/main/source/Sources.bz2 HTTP/1.1 "
"244","102.536132000","194.169.254.10","RealtekU_12:35:02","80","10.0.2.15","CadmusCo_3b:89:8d","57498","TCP","60","http > 57498 [ACK] Seq=12258 Ack=10299 Win=65535 Len=0"
"245","102.537199000","10.0.2.15","CadmusCo_3b:89:8d","41524","91.189.91.13","RealtekU_12:35:02","80","HTTP","308","GET /ubuntu/dists/quantal-security/universe/source/Sources.bz2 HTTP/1.1 "
"246","102.537641000","91.189.91.13","RealtekU_12:35:02","80","10.0.2.15","CadmusCo_3b:89:8d","41524","TCP","60","http > 41524 [ACK] Seq=1679 Ack=1451 Win=65535 Len=0"
"247","102.565936000","194.169.254.10","RealtekU_12:35:02","80","10.0.2.15","CadmusCo_3b:89:8d","57498","HTTP","332","HTTP/1.1 304 Not Modified "
"248","102.569934000","10.0.2.15","CadmusCo_3b:89:8d","57498","194.169.254.10","RealtekU_12:35:02","80","HTTP","313","GET /ubuntu/dists/quantal-backports/restricted/source/Sources.bz2 HTTP/1.1 "
"249","102.570552000","194.169.254.10","RealtekU_12:35:02","80","10.0.2.15","CadmusCo_3b:89:8d","57498","TCP","60","http > 57498 [ACK] Seq=12536 Ack=10558 Win=65535 Len=0"
"250","102.605013000","194.169.254.10","RealtekU_12:35:02","80","10.0.2.15","CadmusCo_3b:89:8d","57498","HTTP","332","HTTP/1.1 304 Not Modified "
"251","102.606194000","10.0.2.15","CadmusCo_3b:89:8d","57498","194.169.254.10","RealtekU_12:35:02","80","HTTP","311","GET /ubuntu/dists/quantal-backports/universe/source/Sources.bz2 HTTP/1.1 "
"252","102.608231000","194.169.254.10","RealtekU_12:35:02","80","10.0.2.15","CadmusCo_3b:89:8d","57498","TCP","60","http > 57498 [ACK] Seq=12814 Ack=10815 Win=65535 Len=0"
"253","102.637296000","194.169.254.10","RealtekU_12:35:02","80","10.0.2.15","CadmusCo_3b:89:8d","57498","HTTP","335","HTTP/1.1 304 Not Modified "
"254","102.638598000","10.0.2.15","CadmusCo_3b:89:8d","57498","194.169.254.10","RealtekU_12:35:02","80","HTTP","313","GET /ubuntu/dists/quantal-backports/multiverse/source/Sources.bz2 HTTP/1.1 "
"255","102.639209000","194.169.254.10","RealtekU_12:35:02","80","10.0.2.15","CadmusCo_3b:89:8d","57498","TCP","60","http > 57498 [ACK] Seq=13095 Ack=11074 Win=65535 Len=0"
"256","102.643153000","91.189.91.13","RealtekU_12:35:02","80","10.0.2.15","CadmusCo_3b:89:8d","41524","HTTP","334","HTTP/1.1 304 Not Modified "
"257","102.646616000","10.0.2.15","CadmusCo_3b:89:8d","41524","91.189.91.13","RealtekU_12:35:02","80","HTTP","310","GET /ubuntu/dists/quantal-security/multiverse/source/Sources.bz2 HTTP/1.1 "
"258","102.647347000","91.189.91.13","RealtekU_12:35:02","80","10.0.2.15","CadmusCo_3b:89:8d","41524","TCP","60","http > 41524 [ACK] Seq=1959 Ack=1707 Win=65535 Len=0"
"259","102.670616000","194.169.254.10","RealtekU_12:35:02","80","10.0.2.15","CadmusCo_3b:89:8d","57498","HTTP","334","HTTP/1.1 304 Not Modified "
"260","102.671530000","10.0.2.15","CadmusCo_3b:89:8d","57498","194.169.254.10","RealtekU_12:35:02","80","HTTP","313","GET /ubuntu/dists/quantal-backports/main/binary-i386/Packages.bz2 HTTP/1.1 "
"261","102.672075000","194.169.254.10","RealtekU_12:35:02","80","10.0.2.15","CadmusCo_3b:89:8d","57498","TCP","60","http > 57498 [ACK] Seq=13375 Ack=11333 Win=65535 Len=0"
"262","102.711680000","194.169.254.10","RealtekU_12:35:02","80","10.0.2.15","CadmusCo_3b:89:8d","57498","HTTP","332","HTTP/1.1 304 Not Modified "
"263","102.712780000","10.0.2.15","CadmusCo_3b:89:8d","57498","194.169.254.10","RealtekU_12:35:02","80","HTTP","319","GET /ubuntu/dists/quantal-backports/restricted/binary-i386/Packages.bz2 HTTP/1.1 "
"264","102.713573000","194.169.254.10","RealtekU_12:35:02","80","10.0.2.15","CadmusCo_3b:89:8d","57498","TCP","60","http > 57498 [ACK] Seq=13653 Ack=11598 Win=65535 Len=0"
"265","102.744707000","194.169.254.10","RealtekU_12:35:02","80","10.0.2.15","CadmusCo_3b:89:8d","57498","HTTP","332","HTTP/1.1 304 Not Modified "
"266","102.745837000","10.0.2.15","CadmusCo_3b:89:8d","57498","194.169.254.10","RealtekU_12:35:02","80","HTTP","317","GET /ubuntu/dists/quantal-backports/universe/binary-i386/Packages.bz2 HTTP/1.1 "
"267","102.746468000","194.169.254.10","RealtekU_12:35:02","80","10.0.2.15","CadmusCo_3b:89:8d","57498","TCP","60","http > 57498 [ACK] Seq=13931 Ack=11861 Win=65535 Len=0"
"268","102.758475000","91.189.91.13","RealtekU_12:35:02","80","10.0.2.15","CadmusCo_3b:89:8d","41524","HTTP","333","HTTP/1.1 304 Not Modified "
"269","102.759694000","10.0.2.15","CadmusCo_3b:89:8d","41524","91.189.91.13","RealtekU_12:35:02","80","HTTP","310","GET /ubuntu/dists/quantal-security/main/binary-i386/Packages.bz2 HTTP/1.1 "
"270","102.760250000","91.189.91.13","RealtekU_12:35:02","80","10.0.2.15","CadmusCo_3b:89:8d","41524","TCP","60","http > 41524 [ACK] Seq=2238 Ack=1963 Win=65535 Len=0"
"271","102.775338000","194.169.254.10","RealtekU_12:35:02","80","10.0.2.15","CadmusCo_3b:89:8d","57498","HTTP","335","HTTP/1.1 304 Not Modified "
"272","102.777316000","10.0.2.15","CadmusCo_3b:89:8d","57498","194.169.254.10","RealtekU_12:35:02","80","HTTP","319","GET /ubuntu/dists/quantal-backports/multiverse/binary-i386/Packages.bz2 HTTP/1.1 "
"273","102.778109000","194.169.254.10","RealtekU_12:35:02","80","10.0.2.15","CadmusCo_3b:89:8d","57498","TCP","60","http > 57498 [ACK] Seq=14212 Ack=12126 Win=65535 Len=0"
"274","102.807571000","194.169.254.10","RealtekU_12:35:02","80","10.0.2.15","CadmusCo_3b:89:8d","57498","HTTP","334","HTTP/1.1 304 Not Modified "
"275","102.808904000","10.0.2.15","CadmusCo_3b:89:8d","57498","194.169.254.10","RealtekU_12:35:02","80","TCP","217","[TCP segment of a reassembled PDU]"
"276","102.809516000","194.169.254.10","RealtekU_12:35:02","80","10.0.2.15","CadmusCo_3b:89:8d","57498","TCP","60","http > 57498 [ACK] Seq=14492 Ack=12289 Win=65535 Len=0"
"277","102.809574000","10.0.2.15","CadmusCo_3b:89:8d","57498","194.169.254.10","RealtekU_12:35:02","80","HTTP","149","GET /ubuntu/dists/quantal-backports/main/i18n/Translation-en.bz2 HTTP/1.1 "
"278","102.809858000","194.169.254.10","RealtekU_12:35:02","80","10.0.2.15","CadmusCo_3b:89:8d","57498","TCP","60","http > 57498 [ACK] Seq=14492 Ack=12384 Win=65535 Len=0"
"279","102.862974000","91.189.91.13","RealtekU_12:35:02","80","10.0.2.15","CadmusCo_3b:89:8d","41524","HTTP","335","HTTP/1.1 304 Not Modified "
"280","102.864893000","10.0.2.15","CadmusCo_3b:89:8d","41524","91.189.91.13","RealtekU_12:35:02","80","HTTP","316","GET /ubuntu/dists/quantal-security/restricted/binary-i386/Packages.bz2 HTTP/1.1 "
"281","102.865443000","91.189.91.13","RealtekU_12:35:02","80","10.0.2.15","CadmusCo_3b:89:8d","41524","TCP","60","http > 41524 [ACK] Seq=2519 Ack=2225 Win=65535 Len=0"
"282","102.904321000","194.169.254.10","RealtekU_12:35:02","80","10.0.2.15","CadmusCo_3b:89:8d","57498","HTTP","233","HTTP/1.1 304 Not Modified "
"283","102.905736000","10.0.2.15","CadmusCo_3b:89:8d","57498","194.169.254.10","RealtekU_12:35:02","80","HTTP","265","GET /ubuntu/dists/quantal-backports/main/i18n/Translation-en_GB.bz2 HTTP/1.1 "
"284","102.906271000","194.169.254.10","RealtekU_12:35:02","80","10.0.2.15","CadmusCo_3b:89:8d","57498","TCP","60","http > 57498 [ACK] Seq=14671 Ack=12595 Win=65535 Len=0"
"285","102.943298000","194.169.254.10","RealtekU_12:35:02","80","10.0.2.15","CadmusCo_3b:89:8d","57498","HTTP","618","HTTP/1.1 404 Not Found  (text/html)"
"286","102.944473000","10.0.2.15","CadmusCo_3b:89:8d","57498","194.169.254.10","RealtekU_12:35:02","80","HTTP","318","GET /ubuntu/dists/quantal-backports/multiverse/i18n/Translation-en.bz2 HTTP/1.1 "
"287","102.945017000","194.169.254.10","RealtekU_12:35:02","80","10.0.2.15","CadmusCo_3b:89:8d","57498","TCP","60","http > 57498 [ACK] Seq=15235 Ack=12859 Win=65535 Len=0"
"288","102.969603000","91.189.91.13","RealtekU_12:35:02","80","10.0.2.15","CadmusCo_3b:89:8d","41524","HTTP","331","HTTP/1.1 304 Not Modified "
"289","102.974856000","10.0.2.15","CadmusCo_3b:89:8d","41524","91.189.91.13","RealtekU_12:35:02","80","HTTP","314","GET /ubuntu/dists/quantal-security/universe/binary-i386/Packages.bz2 HTTP/1.1 "
"290","102.975488000","91.189.91.13","RealtekU_12:35:02","80","10.0.2.15","CadmusCo_3b:89:8d","41524","TCP","60","http > 41524 [ACK] Seq=2796 Ack=2485 Win=65535 Len=0"
"291","102.976639000","194.169.254.10","RealtekU_12:35:02","80","10.0.2.15","CadmusCo_3b:89:8d","57498","HTTP","235","HTTP/1.1 304 Not Modified "
"292","102.979007000","10.0.2.15","CadmusCo_3b:89:8d","57498","194.169.254.10","RealtekU_12:35:02","80","HTTP","271","GET /ubuntu/dists/quantal-backports/multiverse/i18n/Translation-en_GB.bz2 HTTP/1.1 "
"293","102.979675000","194.169.254.10","RealtekU_12:35:02","80","10.0.2.15","CadmusCo_3b:89:8d","57498","TCP","60","http > 57498 [ACK] Seq=15416 Ack=13076 Win=65535 Len=0"
"294","103.015724000","194.169.254.10","RealtekU_12:35:02","80","10.0.2.15","CadmusCo_3b:89:8d","57498","HTTP","624","HTTP/1.1 404 Not Found  (text/html)"
"295","103.016947000","10.0.2.15","CadmusCo_3b:89:8d","57498","194.169.254.10","RealtekU_12:35:02","80","HTTP","318","GET /ubuntu/dists/quantal-backports/restricted/i18n/Translation-en.bz2 HTTP/1.1 "
"296","103.017506000","194.169.254.10","RealtekU_12:35:02","80","10.0.2.15","CadmusCo_3b:89:8d","57498","TCP","60","http > 57498 [ACK] Seq=15986 Ack=13340 Win=65535 Len=0"
"297","103.052598000","194.169.254.10","RealtekU_12:35:02","80","10.0.2.15","CadmusCo_3b:89:8d","57498","HTTP","233","HTTP/1.1 304 Not Modified "
"298","103.054162000","10.0.2.15","CadmusCo_3b:89:8d","57498","194.169.254.10","RealtekU_12:35:02","80","HTTP","271","GET /ubuntu/dists/quantal-backports/restricted/i18n/Translation-en_GB.bz2 HTTP/1.1 "
"299","103.054816000","194.169.254.10","RealtekU_12:35:02","80","10.0.2.15","CadmusCo_3b:89:8d","57498","TCP","60","http > 57498 [ACK] Seq=16165 Ack=13557 Win=65535 Len=0"
"300","103.078794000","91.189.91.13","RealtekU_12:35:02","80","10.0.2.15","CadmusCo_3b:89:8d","41524","HTTP","334","HTTP/1.1 304 Not Modified "
"301","103.080070000","10.0.2.15","CadmusCo_3b:89:8d","41524","91.189.91.13","RealtekU_12:35:02","80","HTTP","316","GET /ubuntu/dists/quantal-security/multiverse/binary-i386/Packages.bz2 HTTP/1.1 "
"302","103.080461000","91.189.91.13","RealtekU_12:35:02","80","10.0.2.15","CadmusCo_3b:89:8d","41524","TCP","60","http > 41524 [ACK] Seq=3076 Ack=2747 Win=65535 Len=0"
"303","103.084421000","194.169.254.10","RealtekU_12:35:02","80","10.0.2.15","CadmusCo_3b:89:8d","57498","HTTP","624","HTTP/1.1 404 Not Found  (text/html)"
"304","103.090032000","10.0.2.15","CadmusCo_3b:89:8d","57498","194.169.254.10","RealtekU_12:35:02","80","HTTP","316","GET /ubuntu/dists/quantal-backports/universe/i18n/Translation-en.bz2 HTTP/1.1 "
"305","103.090714000","194.169.254.10","RealtekU_12:35:02","80","10.0.2.15","CadmusCo_3b:89:8d","57498","TCP","60","http > 57498 [ACK] Seq=16735 Ack=13819 Win=65535 Len=0"
"306","103.121071000","194.169.254.10","RealtekU_12:35:02","80","10.0.2.15","CadmusCo_3b:89:8d","57498","HTTP","236","HTTP/1.1 304 Not Modified "
"307","103.123466000","10.0.2.15","CadmusCo_3b:89:8d","57498","194.169.254.10","RealtekU_12:35:02","80","HTTP","269","GET /ubuntu/dists/quantal-backports/universe/i18n/Translation-en_GB.bz2 HTTP/1.1 "
"308","103.124114000","194.169.254.10","RealtekU_12:35:02","80","10.0.2.15","CadmusCo_3b:89:8d","57498","TCP","60","http > 57498 [ACK] Seq=16917 Ack=14034 Win=65535 Len=0"
"309","103.152406000","194.169.254.10","RealtekU_12:35:02","80","10.0.2.15","CadmusCo_3b:89:8d","57498","HTTP","622","HTTP/1.1 404 Not Found  (text/html)"
"310","103.158123000","10.0.2.15","CadmusCo_3b:89:8d","57498","194.169.254.10","RealtekU_12:35:02","80","HTTP","262","GET /ubuntu/dists/quantal-updates/main/i18n/Translation-en_GB.xz HTTP/1.1 "
"311","103.158766000","194.169.254.10","RealtekU_12:35:02","80","10.0.2.15","CadmusCo_3b:89:8d","57498","TCP","60","http > 57498 [ACK] Seq=17485 Ack=14242 Win=65535 Len=0"
"312","103.183500000","91.189.91.13","RealtekU_12:35:02","80","10.0.2.15","CadmusCo_3b:89:8d","41524","HTTP","333","HTTP/1.1 304 Not Modified "
"313","103.185352000","10.0.2.15","CadmusCo_3b:89:8d","41524","91.189.91.13","RealtekU_12:35:02","80","HTTP","309","GET /ubuntu/dists/quantal-security/main/i18n/Translation-en.bz2 HTTP/1.1 "
"314","103.186341000","91.189.91.13","RealtekU_12:35:02","80","10.0.2.15","CadmusCo_3b:89:8d","41524","TCP","60","http > 41524 [ACK] Seq=3355 Ack=3002 Win=65535 Len=0"
"315","103.188516000","194.169.254.10","RealtekU_12:35:02","80","10.0.2.15","CadmusCo_3b:89:8d","57498","HTTP","615","HTTP/1.1 404 Not Found  (text/html)"
"316","103.190190000","10.0.2.15","CadmusCo_3b:89:8d","57498","194.169.254.10","RealtekU_12:35:02","80","HTTP","268","GET /ubuntu/dists/quantal-updates/multiverse/i18n/Translation-en_GB.xz HTTP/1.1 "
"317","103.190772000","194.169.254.10","RealtekU_12:35:02","80","10.0.2.15","CadmusCo_3b:89:8d","57498","TCP","60","http > 57498 [ACK] Seq=18046 Ack=14456 Win=65535 Len=0"
"318","103.221308000","194.169.254.10","RealtekU_12:35:02","80","10.0.2.15","CadmusCo_3b:89:8d","57498","HTTP","621","HTTP/1.1 404 Not Found  (text/html)"
"319","103.222807000","10.0.2.15","CadmusCo_3b:89:8d","57498","194.169.254.10","RealtekU_12:35:02","80","HTTP","268","GET /ubuntu/dists/quantal-updates/restricted/i18n/Translation-en_GB.xz HTTP/1.1 "
"320","103.223532000","194.169.254.10","RealtekU_12:35:02","80","10.0.2.15","CadmusCo_3b:89:8d","57498","TCP","60","http > 57498 [ACK] Seq=18613 Ack=14670 Win=65535 Len=0"
"321","103.252916000","194.169.254.10","RealtekU_12:35:02","80","10.0.2.15","CadmusCo_3b:89:8d","57498","HTTP","621","HTTP/1.1 404 Not Found  (text/html)"
"322","103.254670000","10.0.2.15","CadmusCo_3b:89:8d","57498","194.169.254.10","RealtekU_12:35:02","80","HTTP","266","GET /ubuntu/dists/quantal-updates/universe/i18n/Translation-en_GB.xz HTTP/1.1 "
"323","103.255225000","194.169.254.10","RealtekU_12:35:02","80","10.0.2.15","CadmusCo_3b:89:8d","57498","TCP","60","http > 57498 [ACK] Seq=19180 Ack=14882 Win=65535 Len=0"
"324","103.288235000","194.169.254.10","RealtekU_12:35:02","80","10.0.2.15","CadmusCo_3b:89:8d","57498","HTTP","619","HTTP/1.1 404 Not Found  (text/html)"
"325","103.289471000","10.0.2.15","CadmusCo_3b:89:8d","57498","194.169.254.10","RealtekU_12:35:02","80","HTTP","264","GET /ubuntu/dists/quantal-backports/main/i18n/Translation-en_GB.xz HTTP/1.1 "
"326","103.290078000","194.169.254.10","RealtekU_12:35:02","80","10.0.2.15","CadmusCo_3b:89:8d","57498","TCP","60","http > 57498 [ACK] Seq=19745 Ack=15092 Win=65535 Len=0"
"327","103.290152000","91.189.91.13","RealtekU_12:35:02","80","10.0.2.15","CadmusCo_3b:89:8d","41524","HTTP","235","HTTP/1.1 304 Not Modified "
"328","103.292785000","10.0.2.15","CadmusCo_3b:89:8d","41524","91.189.91.13","RealtekU_12:35:02","80","HTTP","262","GET /ubuntu/dists/quantal-security/main/i18n/Translation-en_GB.bz2 HTTP/1.1 "
"329","103.294224000","91.189.91.13","RealtekU_12:35:02","80","10.0.2.15","CadmusCo_3b:89:8d","41524","TCP","60","http > 41524 [ACK] Seq=3536 Ack=3210 Win=65535 Len=0"
"330","103.319969000","194.169.254.10","RealtekU_12:35:02","80","10.0.2.15","CadmusCo_3b:89:8d","57498","HTTP","617","HTTP/1.1 404 Not Found  (text/html)"
"331","103.321855000","10.0.2.15","CadmusCo_3b:89:8d","57498","194.169.254.10","RealtekU_12:35:02","80","HTTP","270","GET /ubuntu/dists/quantal-backports/multiverse/i18n/Translation-en_GB.xz HTTP/1.1 "
"332","103.322411000","194.169.254.10","RealtekU_12:35:02","80","10.0.2.15","CadmusCo_3b:89:8d","57498","TCP","60","http > 57498 [ACK] Seq=20308 Ack=15308 Win=65535 Len=0"
"333","103.351575000","194.169.254.10","RealtekU_12:35:02","80","10.0.2.15","CadmusCo_3b:89:8d","57498","HTTP","623","HTTP/1.1 404 Not Found  (text/html)"
"334","103.352422000","10.0.2.15","CadmusCo_3b:89:8d","57498","194.169.254.10","RealtekU_12:35:02","80","HTTP","270","GET /ubuntu/dists/quantal-backports/restricted/i18n/Translation-en_GB.xz HTTP/1.1 "
"335","103.352945000","194.169.254.10","RealtekU_12:35:02","80","10.0.2.15","CadmusCo_3b:89:8d","57498","TCP","60","http > 57498 [ACK] Seq=20877 Ack=15524 Win=65535 Len=0"
"336","103.381200000","194.169.254.10","RealtekU_12:35:02","80","10.0.2.15","CadmusCo_3b:89:8d","57498","HTTP","623","HTTP/1.1 404 Not Found  (text/html)"
"337","103.385798000","10.0.2.15","CadmusCo_3b:89:8d","57498","194.169.254.10","RealtekU_12:35:02","80","HTTP","268","GET /ubuntu/dists/quantal-backports/universe/i18n/Translation-en_GB.xz HTTP/1.1 "
"338","103.386384000","194.169.254.10","RealtekU_12:35:02","80","10.0.2.15","CadmusCo_3b:89:8d","57498","TCP","60","http > 57498 [ACK] Seq=21446 Ack=15738 Win=65535 Len=0"
"339","103.398185000","91.189.91.13","RealtekU_12:35:02","80","10.0.2.15","CadmusCo_3b:89:8d","41524","HTTP","637","HTTP/1.1 404 Not Found  (text/html)"
"340","103.403494000","10.0.2.15","CadmusCo_3b:89:8d","41524","91.189.91.13","RealtekU_12:35:02","80","HTTP","315","GET /ubuntu/dists/quantal-security/multiverse/i18n/Translation-en.bz2 HTTP/1.1 "
"341","103.404238000","91.189.91.13","RealtekU_12:35:02","80","10.0.2.15","CadmusCo_3b:89:8d","41524","TCP","60","http > 41524 [ACK] Seq=4119 Ack=3471 Win=65535 Len=0"
"342","103.423936000","194.169.254.10","RealtekU_12:35:02","80","10.0.2.15","CadmusCo_3b:89:8d","57498","HTTP","621","HTTP/1.1 404 Not Found  (text/html)"
"343","103.432527000","10.0.2.15","CadmusCo_3b:89:8d","57498","194.169.254.10","RealtekU_12:35:02","80","HTTP","264","GET /ubuntu/dists/quantal-updates/main/i18n/Translation-en_GB.lzma HTTP/1.1 "
"344","103.433561000","194.169.254.10","RealtekU_12:35:02","80","10.0.2.15","CadmusCo_3b:89:8d","57498","TCP","60","http > 57498 [ACK] Seq=22013 Ack=15948 Win=65535 Len=0"
"345","103.463124000","194.169.254.10","RealtekU_12:35:02","80","10.0.2.15","CadmusCo_3b:89:8d","57498","HTTP","617","HTTP/1.1 404 Not Found  (text/html)"
"346","103.469769000","10.0.2.15","CadmusCo_3b:89:8d","57498","194.169.254.10","RealtekU_12:35:02","80","HTTP","270","GET /ubuntu/dists/quantal-updates/multiverse/i18n/Translation-en_GB.lzma HTTP/1.1 "
"347","103.470480000","194.169.254.10","RealtekU_12:35:02","80","10.0.2.15","CadmusCo_3b:89:8d","57498","TCP","60","http > 57498 [ACK] Seq=22576 Ack=16164 Win=65535 Len=0"
"348","103.499699000","194.169.254.10","RealtekU_12:35:02","80","10.0.2.15","CadmusCo_3b:89:8d","57498","HTTP","623","HTTP/1.1 404 Not Found  (text/html)"
"349","103.500584000","10.0.2.15","CadmusCo_3b:89:8d","57498","194.169.254.10","RealtekU_12:35:02","80","HTTP","270","GET /ubuntu/dists/quantal-updates/restricted/i18n/Translation-en_GB.lzma HTTP/1.1 "
"350","103.501109000","194.169.254.10","RealtekU_12:35:02","80","10.0.2.15","CadmusCo_3b:89:8d","57498","TCP","60","http > 57498 [ACK] Seq=23145 Ack=16380 Win=65535 Len=0"
"351","103.507461000","91.189.91.13","RealtekU_12:35:02","80","10.0.2.15","CadmusCo_3b:89:8d","41524","HTTP","234","HTTP/1.1 304 Not Modified "
"352","103.509900000","10.0.2.15","CadmusCo_3b:89:8d","41524","91.189.91.13","RealtekU_12:35:02","80","HTTP","268","GET /ubuntu/dists/quantal-security/multiverse/i18n/Translation-en_GB.bz2 HTTP/1.1 "
"353","103.510487000","91.189.91.13","RealtekU_12:35:02","80","10.0.2.15","CadmusCo_3b:89:8d","41524","TCP","60","http > 41524 [ACK] Seq=4299 Ack=3685 Win=65535 Len=0"
"354","103.539558000","194.169.254.10","RealtekU_12:35:02","80","10.0.2.15","CadmusCo_3b:89:8d","57498","HTTP","623","HTTP/1.1 404 Not Found  (text/html)"
"355","103.545600000","10.0.2.15","CadmusCo_3b:89:8d","57498","194.169.254.10","RealtekU_12:35:02","80","TCP","59","[TCP segment of a reassembled PDU]"
"356","103.546362000","194.169.254.10","RealtekU_12:35:02","80","10.0.2.15","CadmusCo_3b:89:8d","57498","TCP","60","http > 57498 [ACK] Seq=23714 Ack=16385 Win=65535 Len=0"
"357","103.546420000","10.0.2.15","CadmusCo_3b:89:8d","57498","194.169.254.10","RealtekU_12:35:02","80","HTTP","263","GET /ubuntu/dists/quantal-updates/universe/i18n/Translation-en_GB.lzma HTTP/1.1 "
"358","103.547194000","194.169.254.10","RealtekU_12:35:02","80","10.0.2.15","CadmusCo_3b:89:8d","57498","TCP","60","http > 57498 [ACK] Seq=23714 Ack=16594 Win=65535 Len=0"
"359","103.613463000","91.189.91.13","RealtekU_12:35:02","80","10.0.2.15","CadmusCo_3b:89:8d","41524","HTTP","643","HTTP/1.1 404 Not Found  (text/html)"
"360","103.615018000","10.0.2.15","CadmusCo_3b:89:8d","41524","91.189.91.13","RealtekU_12:35:02","80","HTTP","315","GET /ubuntu/dists/quantal-security/restricted/i18n/Translation-en.bz2 HTTP/1.1 "
"361","103.615558000","91.189.91.13","RealtekU_12:35:02","80","10.0.2.15","CadmusCo_3b:89:8d","41524","TCP","60","http > 41524 [ACK] Seq=4888 Ack=3946 Win=65535 Len=0"
"362","103.637961000","194.169.254.10","RealtekU_12:35:02","80","10.0.2.15","CadmusCo_3b:89:8d","57498","HTTP","621","HTTP/1.1 404 Not Found  (text/html)"
"363","103.640023000","10.0.2.15","CadmusCo_3b:89:8d","57498","194.169.254.10","RealtekU_12:35:02","80","HTTP","266","GET /ubuntu/dists/quantal-backports/main/i18n/Translation-en_GB.lzma HTTP/1.1 "
"364","103.640701000","194.169.254.10","RealtekU_12:35:02","80","10.0.2.15","CadmusCo_3b:89:8d","57498","TCP","60","http > 57498 [ACK] Seq=24281 Ack=16806 Win=65535 Len=0"
"365","103.672833000","194.169.254.10","RealtekU_12:35:02","80","10.0.2.15","CadmusCo_3b:89:8d","57498","HTTP","619","HTTP/1.1 404 Not Found  (text/html)"
"366","103.674105000","10.0.2.15","CadmusCo_3b:89:8d","57498","194.169.254.10","RealtekU_12:35:02","80","HTTP","272","GET /ubuntu/dists/quantal-backports/multiverse/i18n/Translation-en_GB.lzma HTTP/1.1 "
"367","103.674720000","194.169.254.10","RealtekU_12:35:02","80","10.0.2.15","CadmusCo_3b:89:8d","57498","TCP","60","http > 57498 [ACK] Seq=24846 Ack=17024 Win=65535 Len=0"
"368","103.707036000","194.169.254.10","RealtekU_12:35:02","80","10.0.2.15","CadmusCo_3b:89:8d","57498","HTTP","625","HTTP/1.1 404 Not Found  (text/html)"
"369","103.708098000","10.0.2.15","CadmusCo_3b:89:8d","57498","194.169.254.10","RealtekU_12:35:02","80","HTTP","272","GET /ubuntu/dists/quantal-backports/restricted/i18n/Translation-en_GB.lzma HTTP/1.1 "
"370","103.708781000","194.169.254.10","RealtekU_12:35:02","80","10.0.2.15","CadmusCo_3b:89:8d","57498","TCP","60","http > 57498 [ACK] Seq=25417 Ack=17242 Win=65535 Len=0"
"371","103.719758000","91.189.91.13","RealtekU_12:35:02","80","10.0.2.15","CadmusCo_3b:89:8d","41524","HTTP","232","HTTP/1.1 304 Not Modified "
"372","103.727611000","10.0.2.15","CadmusCo_3b:89:8d","41524","91.189.91.13","RealtekU_12:35:02","80","TCP","205","[TCP segment of a reassembled PDU]"
"373","103.728271000","91.189.91.13","RealtekU_12:35:02","80","10.0.2.15","CadmusCo_3b:89:8d","41524","TCP","60","http > 41524 [ACK] Seq=5066 Ack=4097 Win=65535 Len=0"
"374","103.728847000","10.0.2.15","CadmusCo_3b:89:8d","41524","91.189.91.13","RealtekU_12:35:02","80","HTTP","117","GET /ubuntu/dists/quantal-security/restricted/i18n/Translation-en_GB.bz2 HTTP/1.1 "
"375","103.729411000","91.189.91.13","RealtekU_12:35:02","80","10.0.2.15","CadmusCo_3b:89:8d","41524","TCP","60","http > 41524 [ACK] Seq=5066 Ack=4160 Win=65535 Len=0"
"376","103.740064000","194.169.254.10","RealtekU_12:35:02","80","10.0.2.15","CadmusCo_3b:89:8d","57498","HTTP","625","HTTP/1.1 404 Not Found  (text/html)"
"377","103.745859000","10.0.2.15","CadmusCo_3b:89:8d","57498","194.169.254.10","RealtekU_12:35:02","80","HTTP","270","GET /ubuntu/dists/quantal-backports/universe/i18n/Translation-en_GB.lzma HTTP/1.1 "
"378","103.746805000","194.169.254.10","RealtekU_12:35:02","80","10.0.2.15","CadmusCo_3b:89:8d","57498","TCP","60","http > 57498 [ACK] Seq=25988 Ack=17458 Win=65535 Len=0"
"379","103.775515000","194.169.254.10","RealtekU_12:35:02","80","10.0.2.15","CadmusCo_3b:89:8d","57498","HTTP","623","HTTP/1.1 404 Not Found  (text/html)"
"380","103.776554000","10.0.2.15","CadmusCo_3b:89:8d","57498","194.169.254.10","RealtekU_12:35:02","80","HTTP","262","GET /ubuntu/dists/quantal-updates/main/i18n/Translation-en_GB.gz HTTP/1.1 "
"381","103.777130000","194.169.254.10","RealtekU_12:35:02","80","10.0.2.15","CadmusCo_3b:89:8d","57498","TCP","60","http > 57498 [ACK] Seq=26557 Ack=17666 Win=65535 Len=0"
"382","103.813641000","194.169.254.10","RealtekU_12:35:02","80","10.0.2.15","CadmusCo_3b:89:8d","57498","HTTP","615","HTTP/1.1 404 Not Found  (text/html)"
"383","103.814704000","10.0.2.15","CadmusCo_3b:89:8d","57498","194.169.254.10","RealtekU_12:35:02","80","HTTP","268","GET /ubuntu/dists/quantal-updates/multiverse/i18n/Translation-en_GB.gz HTTP/1.1 "
"384","103.815303000","194.169.254.10","RealtekU_12:35:02","80","10.0.2.15","CadmusCo_3b:89:8d","57498","TCP","60","http > 57498 [ACK] Seq=27118 Ack=17880 Win=65535 Len=0"
"385","103.908842000","194.169.254.10","RealtekU_12:35:02","80","10.0.2.15","CadmusCo_3b:89:8d","57498","HTTP","621","HTTP/1.1 404 Not Found  (text/html)"
"386","103.914596000","10.0.2.15","CadmusCo_3b:89:8d","57498","194.169.254.10","RealtekU_12:35:02","80","HTTP","268","GET /ubuntu/dists/quantal-updates/restricted/i18n/Translation-en_GB.gz HTTP/1.1 "
"387","103.915792000","194.169.254.10","RealtekU_12:35:02","80","10.0.2.15","CadmusCo_3b:89:8d","57498","TCP","60","http > 57498 [ACK] Seq=27685 Ack=18094 Win=65535 Len=0"
"388","103.939928000","194.169.254.10","RealtekU_12:35:02","80","10.0.2.15","CadmusCo_3b:89:8d","57498","HTTP","621","HTTP/1.1 404 Not Found  (text/html)"
"389","103.941693000","10.0.2.15","CadmusCo_3b:89:8d","57498","194.169.254.10","RealtekU_12:35:02","80","HTTP","266","GET /ubuntu/dists/quantal-updates/universe/i18n/Translation-en_GB.gz HTTP/1.1 "
"390","103.942476000","194.169.254.10","RealtekU_12:35:02","80","10.0.2.15","CadmusCo_3b:89:8d","57498","TCP","60","http > 57498 [ACK] Seq=28252 Ack=18306 Win=65535 Len=0"
"391","103.973888000","194.169.254.10","RealtekU_12:35:02","80","10.0.2.15","CadmusCo_3b:89:8d","57498","HTTP","619","HTTP/1.1 404 Not Found  (text/html)"
"392","103.979089000","10.0.2.15","CadmusCo_3b:89:8d","57498","194.169.254.10","RealtekU_12:35:02","80","HTTP","264","GET /ubuntu/dists/quantal-backports/main/i18n/Translation-en_GB.gz HTTP/1.1 "
"393","103.979919000","194.169.254.10","RealtekU_12:35:02","80","10.0.2.15","CadmusCo_3b:89:8d","57498","TCP","60","http > 57498 [ACK] Seq=28817 Ack=18516 Win=65535 Len=0"
"394","104.003308000","91.189.91.13","RealtekU_12:35:02","80","10.0.2.15","CadmusCo_3b:89:8d","41524","HTTP","643","HTTP/1.1 404 Not Found  (text/html)"
"395","104.004427000","10.0.2.15","CadmusCo_3b:89:8d","41524","91.189.91.13","RealtekU_12:35:02","80","HTTP","313","GET /ubuntu/dists/quantal-security/universe/i18n/Translation-en.bz2 HTTP/1.1 "
"396","104.004948000","91.189.91.13","RealtekU_12:35:02","80","10.0.2.15","CadmusCo_3b:89:8d","41524","TCP","60","http > 41524 [ACK] Seq=5655 Ack=4419 Win=65535 Len=0"
"397","104.070941000","194.169.254.10","RealtekU_12:35:02","80","10.0.2.15","CadmusCo_3b:89:8d","57498","HTTP","617","HTTP/1.1 404 Not Found  (text/html)"
"398","104.072533000","10.0.2.15","CadmusCo_3b:89:8d","57498","194.169.254.10","RealtekU_12:35:02","80","HTTP","270","GET /ubuntu/dists/quantal-backports/multiverse/i18n/Translation-en_GB.gz HTTP/1.1 "
"399","104.073118000","194.169.254.10","RealtekU_12:35:02","80","10.0.2.15","CadmusCo_3b:89:8d","57498","TCP","60","http > 57498 [ACK] Seq=29380 Ack=18732 Win=65535 Len=0"
"400","104.112018000","194.169.254.10","RealtekU_12:35:02","80","10.0.2.15","CadmusCo_3b:89:8d","57498","HTTP","623","HTTP/1.1 404 Not Found  (text/html)"
"401","104.113147000","10.0.2.15","CadmusCo_3b:89:8d","57498","194.169.254.10","RealtekU_12:35:02","80","HTTP","270","GET /ubuntu/dists/quantal-backports/restricted/i18n/Translation-en_GB.gz HTTP/1.1 "
"402","104.114265000","194.169.254.10","RealtekU_12:35:02","80","10.0.2.15","CadmusCo_3b:89:8d","57498","TCP","60","http > 57498 [ACK] Seq=29949 Ack=18948 Win=65535 Len=0"
"403","104.147131000","194.169.254.10","RealtekU_12:35:02","80","10.0.2.15","CadmusCo_3b:89:8d","57498","HTTP","623","HTTP/1.1 404 Not Found  (text/html)"
"404","104.148695000","10.0.2.15","CadmusCo_3b:89:8d","57498","194.169.254.10","RealtekU_12:35:02","80","HTTP","268","GET /ubuntu/dists/quantal-backports/universe/i18n/Translation-en_GB.gz HTTP/1.1 "
"405","104.150246000","194.169.254.10","RealtekU_12:35:02","80","10.0.2.15","CadmusCo_3b:89:8d","57498","TCP","60","http > 57498 [ACK] Seq=30518 Ack=19162 Win=65535 Len=0"
"406","104.153420000","91.189.91.13","RealtekU_12:35:02","80","10.0.2.15","CadmusCo_3b:89:8d","41524","HTTP","235","HTTP/1.1 304 Not Modified "
"407","104.155637000","10.0.2.15","CadmusCo_3b:89:8d","41524","91.189.91.13","RealtekU_12:35:02","80","HTTP","266","GET /ubuntu/dists/quantal-security/universe/i18n/Translation-en_GB.bz2 HTTP/1.1 "
"408","104.156394000","91.189.91.13","RealtekU_12:35:02","80","10.0.2.15","CadmusCo_3b:89:8d","41524","TCP","60","http > 41524 [ACK] Seq=5836 Ack=4631 Win=65535 Len=0"
"409","104.181782000","194.169.254.10","RealtekU_12:35:02","80","10.0.2.15","CadmusCo_3b:89:8d","57498","HTTP","621","HTTP/1.1 404 Not Found  (text/html)"
"410","104.183001000","10.0.2.15","CadmusCo_3b:89:8d","57498","194.169.254.10","RealtekU_12:35:02","80","HTTP","275","GET /ubuntu/dists/quantal-updates/main/i18n/Translation-en_GB HTTP/1.1 "
"411","104.183605000","194.169.254.10","RealtekU_12:35:02","80","10.0.2.15","CadmusCo_3b:89:8d","57498","TCP","60","http > 57498 [ACK] Seq=31085 Ack=19383 Win=65535 Len=0"
"412","104.213227000","194.169.254.10","RealtekU_12:35:02","80","10.0.2.15","CadmusCo_3b:89:8d","57498","HTTP","612","HTTP/1.1 404 Not Found  (text/html)"
"413","104.214501000","10.0.2.15","CadmusCo_3b:89:8d","57498","194.169.254.10","RealtekU_12:35:02","80","HTTP","281","GET /ubuntu/dists/quantal-updates/multiverse/i18n/Translation-en_GB HTTP/1.1 "
"414","104.215402000","194.169.254.10","RealtekU_12:35:02","80","10.0.2.15","CadmusCo_3b:89:8d","57498","TCP","60","http > 57498 [ACK] Seq=31643 Ack=19610 Win=65535 Len=0"
"415","104.247393000","194.169.254.10","RealtekU_12:35:02","80","10.0.2.15","CadmusCo_3b:89:8d","57498","HTTP","618","HTTP/1.1 404 Not Found  (text/html)"
"416","104.248568000","10.0.2.15","CadmusCo_3b:89:8d","57498","194.169.254.10","RealtekU_12:35:02","80","HTTP","281","GET /ubuntu/dists/quantal-updates/restricted/i18n/Translation-en_GB HTTP/1.1 "
"417","104.249253000","194.169.254.10","RealtekU_12:35:02","80","10.0.2.15","CadmusCo_3b:89:8d","57498","TCP","60","http > 57498 [ACK] Seq=32207 Ack=19837 Win=65535 Len=0"
"418","104.259394000","91.189.91.13","RealtekU_12:35:02","80","10.0.2.15","CadmusCo_3b:89:8d","41524","HTTP","641","HTTP/1.1 404 Not Found  (text/html)"
"419","104.260619000","10.0.2.15","CadmusCo_3b:89:8d","41524","91.189.91.13","RealtekU_12:35:02","80","HTTP","261","GET /ubuntu/dists/quantal-security/main/i18n/Translation-en_GB.xz HTTP/1.1 "
"420","104.261305000","91.189.91.13","RealtekU_12:35:02","80","10.0.2.15","CadmusCo_3b:89:8d","41524","TCP","60","http > 41524 [ACK] Seq=6423 Ack=4838 Win=65535 Len=0"
"421","104.279623000","194.169.254.10","RealtekU_12:35:02","80","10.0.2.15","CadmusCo_3b:89:8d","57498","HTTP","618","HTTP/1.1 404 Not Found  (text/html)"
"422","104.280822000","10.0.2.15","CadmusCo_3b:89:8d","57498","194.169.254.10","RealtekU_12:35:02","80","HTTP","279","GET /ubuntu/dists/quantal-updates/universe/i18n/Translation-en_GB HTTP/1.1 "
"423","104.281446000","194.169.254.10","RealtekU_12:35:02","80","10.0.2.15","CadmusCo_3b:89:8d","57498","TCP","60","http > 57498 [ACK] Seq=32771 Ack=20062 Win=65535 Len=0"
"424","104.309594000","194.169.254.10","RealtekU_12:35:02","80","10.0.2.15","CadmusCo_3b:89:8d","57498","HTTP","616","HTTP/1.1 404 Not Found  (text/html)"
"425","104.310627000","10.0.2.15","CadmusCo_3b:89:8d","57498","194.169.254.10","RealtekU_12:35:02","80","HTTP","277","GET /ubuntu/dists/quantal-backports/main/i18n/Translation-en_GB HTTP/1.1 "
"426","104.311245000","194.169.254.10","RealtekU_12:35:02","80","10.0.2.15","CadmusCo_3b:89:8d","57498","TCP","60","http > 57498 [ACK] Seq=33333 Ack=20285 Win=65535 Len=0"
"427","104.344492000","194.169.254.10","RealtekU_12:35:02","80","10.0.2.15","CadmusCo_3b:89:8d","57498","HTTP","614","HTTP/1.1 404 Not Found  (text/html)"
"428","104.345670000","10.0.2.15","CadmusCo_3b:89:8d","57498","194.169.254.10","RealtekU_12:35:02","80","TCP","250","[TCP segment of a reassembled PDU]"
"429","104.346315000","194.169.254.10","RealtekU_12:35:02","80","10.0.2.15","CadmusCo_3b:89:8d","57498","TCP","60","http > 57498 [ACK] Seq=33893 Ack=20481 Win=65535 Len=0"
"430","104.346364000","10.0.2.15","CadmusCo_3b:89:8d","57498","194.169.254.10","RealtekU_12:35:02","80","HTTP","87","GET /ubuntu/dists/quantal-backports/multiverse/i18n/Translation-en_GB HTTP/1.1 "
"431","104.346921000","194.169.254.10","RealtekU_12:35:02","80","10.0.2.15","CadmusCo_3b:89:8d","57498","TCP","60","http > 57498 [ACK] Seq=33893 Ack=20514 Win=65535 Len=0"
"432","104.364083000","91.189.91.13","RealtekU_12:35:02","80","10.0.2.15","CadmusCo_3b:89:8d","41524","HTTP","636","HTTP/1.1 404 Not Found  (text/html)"
"433","104.365145000","10.0.2.15","CadmusCo_3b:89:8d","41524","91.189.91.13","RealtekU_12:35:02","80","HTTP","267","GET /ubuntu/dists/quantal-security/multiverse/i18n/Translation-en_GB.xz HTTP/1.1 "
"434","104.365784000","91.189.91.13","RealtekU_12:35:02","80","10.0.2.15","CadmusCo_3b:89:8d","41524","TCP","60","http > 41524 [ACK] Seq=7005 Ack=5051 Win=65535 Len=0"
"435","104.439371000","194.169.254.10","RealtekU_12:35:02","80","10.0.2.15","CadmusCo_3b:89:8d","57498","HTTP","620","HTTP/1.1 404 Not Found  (text/html)"
"436","104.440338000","10.0.2.15","CadmusCo_3b:89:8d","57498","194.169.254.10","RealtekU_12:35:02","80","HTTP","283","GET /ubuntu/dists/quantal-backports/restricted/i18n/Translation-en_GB HTTP/1.1 "
"437","104.441107000","194.169.254.10","RealtekU_12:35:02","80","10.0.2.15","CadmusCo_3b:89:8d","57498","TCP","60","http > 57498 [ACK] Seq=34459 Ack=20743 Win=65535 Len=0"
"438","104.470662000","194.169.254.10","RealtekU_12:35:02","80","10.0.2.15","CadmusCo_3b:89:8d","57498","HTTP","620","HTTP/1.1 404 Not Found  (text/html)"
"439","104.470894000","91.189.91.13","RealtekU_12:35:02","80","10.0.2.15","CadmusCo_3b:89:8d","41524","HTTP","642","HTTP/1.1 404 Not Found  (text/html)"
"440","104.471909000","10.0.2.15","CadmusCo_3b:89:8d","57498","194.169.254.10","RealtekU_12:35:02","80","HTTP","281","GET /ubuntu/dists/quantal-backports/universe/i18n/Translation-en_GB HTTP/1.1 "
"441","104.472471000","194.169.254.10","RealtekU_12:35:02","80","10.0.2.15","CadmusCo_3b:89:8d","57498","TCP","60","http > 57498 [ACK] Seq=35025 Ack=20970 Win=65535 Len=0"
"442","104.472862000","10.0.2.15","CadmusCo_3b:89:8d","41524","91.189.91.13","RealtekU_12:35:02","80","HTTP","267","GET /ubuntu/dists/quantal-security/restricted/i18n/Translation-en_GB.xz HTTP/1.1 "
"443","104.473454000","91.189.91.13","RealtekU_12:35:02","80","10.0.2.15","CadmusCo_3b:89:8d","41524","TCP","60","http > 41524 [ACK] Seq=7593 Ack=5264 Win=65535 Len=0"
"444","104.501769000","194.169.254.10","RealtekU_12:35:02","80","10.0.2.15","CadmusCo_3b:89:8d","57498","HTTP","618","HTTP/1.1 404 Not Found  (text/html)"
"445","104.541327000","10.0.2.15","CadmusCo_3b:89:8d","57498","194.169.254.10","RealtekU_12:35:02","80","TCP","54","57498 > http [ACK] Seq=20970 Ack=35589 Win=41734 Len=0"
"446","104.579403000","91.189.91.13","RealtekU_12:35:02","80","10.0.2.15","CadmusCo_3b:89:8d","41524","HTTP","642","HTTP/1.1 404 Not Found  (text/html)"
"447","104.581096000","10.0.2.15","CadmusCo_3b:89:8d","41524","91.189.91.13","RealtekU_12:35:02","80","HTTP","265","GET /ubuntu/dists/quantal-security/universe/i18n/Translation-en_GB.xz HTTP/1.1 "
"448","104.582288000","91.189.91.13","RealtekU_12:35:02","80","10.0.2.15","CadmusCo_3b:89:8d","41524","TCP","60","http > 41524 [ACK] Seq=8181 Ack=5475 Win=65535 Len=0"
"449","104.684632000","91.189.91.13","RealtekU_12:35:02","80","10.0.2.15","CadmusCo_3b:89:8d","41524","HTTP","640","HTTP/1.1 404 Not Found  (text/html)"
"450","104.686129000","10.0.2.15","CadmusCo_3b:89:8d","41524","91.189.91.13","RealtekU_12:35:02","80","HTTP","263","GET /ubuntu/dists/quantal-security/main/i18n/Translation-en_GB.lzma HTTP/1.1 "
"451","104.686702000","91.189.91.13","RealtekU_12:35:02","80","10.0.2.15","CadmusCo_3b:89:8d","41524","TCP","60","http > 41524 [ACK] Seq=8767 Ack=5684 Win=65535 Len=0"
"452","104.793252000","91.189.91.13","RealtekU_12:35:02","80","10.0.2.15","CadmusCo_3b:89:8d","41524","HTTP","638","HTTP/1.1 404 Not Found  (text/html)"
"453","104.795776000","10.0.2.15","CadmusCo_3b:89:8d","41524","91.189.91.13","RealtekU_12:35:02","80","HTTP","269","GET /ubuntu/dists/quantal-security/multiverse/i18n/Translation-en_GB.lzma HTTP/1.1 "
"454","104.797342000","91.189.91.13","RealtekU_12:35:02","80","10.0.2.15","CadmusCo_3b:89:8d","41524","TCP","60","http > 41524 [ACK] Seq=9351 Ack=5899 Win=65535 Len=0"
"455","104.897412000","91.189.91.13","RealtekU_12:35:02","80","10.0.2.15","CadmusCo_3b:89:8d","41524","HTTP","644","HTTP/1.1 404 Not Found  (text/html)"
"456","104.899099000","10.0.2.15","CadmusCo_3b:89:8d","41524","91.189.91.13","RealtekU_12:35:02","80","HTTP","269","GET /ubuntu/dists/quantal-security/restricted/i18n/Translation-en_GB.lzma HTTP/1.1 "
"457","104.899383000","91.189.91.13","RealtekU_12:35:02","80","10.0.2.15","CadmusCo_3b:89:8d","41524","TCP","60","http > 41524 [ACK] Seq=9941 Ack=6114 Win=65535 Len=0"
"458","105.002309000","91.189.91.13","RealtekU_12:35:02","80","10.0.2.15","CadmusCo_3b:89:8d","41524","HTTP","644","HTTP/1.1 404 Not Found  (text/html)"
"459","105.031211000","10.0.2.15","CadmusCo_3b:89:8d","41524","91.189.91.13","RealtekU_12:35:02","80","HTTP","267","GET /ubuntu/dists/quantal-security/universe/i18n/Translation-en_GB.lzma HTTP/1.1 "
"460","105.031856000","91.189.91.13","RealtekU_12:35:02","80","10.0.2.15","CadmusCo_3b:89:8d","41524","TCP","60","http > 41524 [ACK] Seq=10531 Ack=6327 Win=65535 Len=0"
"461","105.134735000","91.189.91.13","RealtekU_12:35:02","80","10.0.2.15","CadmusCo_3b:89:8d","41524","HTTP","642","HTTP/1.1 404 Not Found  (text/html)"
"462","105.136465000","10.0.2.15","CadmusCo_3b:89:8d","41524","91.189.91.13","RealtekU_12:35:02","80","HTTP","261","GET /ubuntu/dists/quantal-security/main/i18n/Translation-en_GB.gz HTTP/1.1 "
"463","105.137099000","91.189.91.13","RealtekU_12:35:02","80","10.0.2.15","CadmusCo_3b:89:8d","41524","TCP","60","http > 41524 [ACK] Seq=11119 Ack=6534 Win=65535 Len=0"
"464","105.240237000","91.189.91.13","RealtekU_12:35:02","80","10.0.2.15","CadmusCo_3b:89:8d","41524","HTTP","636","HTTP/1.1 404 Not Found  (text/html)"
"465","105.241297000","10.0.2.15","CadmusCo_3b:89:8d","41524","91.189.91.13","RealtekU_12:35:02","80","HTTP","267","GET /ubuntu/dists/quantal-security/multiverse/i18n/Translation-en_GB.gz HTTP/1.1 "
"466","105.241925000","91.189.91.13","RealtekU_12:35:02","80","10.0.2.15","CadmusCo_3b:89:8d","41524","TCP","60","http > 41524 [ACK] Seq=11701 Ack=6747 Win=65535 Len=0"
"467","105.343963000","91.189.91.13","RealtekU_12:35:02","80","10.0.2.15","CadmusCo_3b:89:8d","41524","HTTP","642","HTTP/1.1 404 Not Found  (text/html)"
"468","105.346554000","10.0.2.15","CadmusCo_3b:89:8d","41524","91.189.91.13","RealtekU_12:35:02","80","HTTP","267","GET /ubuntu/dists/quantal-security/restricted/i18n/Translation-en_GB.gz HTTP/1.1 "
"469","105.347786000","91.189.91.13","RealtekU_12:35:02","80","10.0.2.15","CadmusCo_3b:89:8d","41524","TCP","60","http > 41524 [ACK] Seq=12289 Ack=6960 Win=65535 Len=0"
"470","105.456560000","91.189.91.13","RealtekU_12:35:02","80","10.0.2.15","CadmusCo_3b:89:8d","41524","HTTP","642","HTTP/1.1 404 Not Found  (text/html)"
"471","105.458362000","10.0.2.15","CadmusCo_3b:89:8d","41524","91.189.91.13","RealtekU_12:35:02","80","HTTP","265","GET /ubuntu/dists/quantal-security/universe/i18n/Translation-en_GB.gz HTTP/1.1 "
"472","105.459650000","91.189.91.13","RealtekU_12:35:02","80","10.0.2.15","CadmusCo_3b:89:8d","41524","TCP","60","http > 41524 [ACK] Seq=12877 Ack=7171 Win=65535 Len=0"
"473","105.558522000","91.189.91.13","RealtekU_12:35:02","80","10.0.2.15","CadmusCo_3b:89:8d","41524","HTTP","640","HTTP/1.1 404 Not Found  (text/html)"
"474","105.559050000","10.0.2.15","CadmusCo_3b:89:8d","41524","91.189.91.13","RealtekU_12:35:02","80","HTTP","274","GET /ubuntu/dists/quantal-security/main/i18n/Translation-en_GB HTTP/1.1 "
"475","105.559231000","91.189.91.13","RealtekU_12:35:02","80","10.0.2.15","CadmusCo_3b:89:8d","41524","TCP","60","http > 41524 [ACK] Seq=13463 Ack=7391 Win=65535 Len=0"
"476","105.663718000","91.189.91.13","RealtekU_12:35:02","80","10.0.2.15","CadmusCo_3b:89:8d","41524","HTTP","633","HTTP/1.1 404 Not Found  (text/html)"
"477","105.666130000","10.0.2.15","CadmusCo_3b:89:8d","41524","91.189.91.13","RealtekU_12:35:02","80","HTTP","280","GET /ubuntu/dists/quantal-security/multiverse/i18n/Translation-en_GB HTTP/1.1 "
"478","105.667145000","91.189.91.13","RealtekU_12:35:02","80","10.0.2.15","CadmusCo_3b:89:8d","41524","TCP","60","http > 41524 [ACK] Seq=14042 Ack=7617 Win=65535 Len=0"
"479","105.769918000","91.189.91.13","RealtekU_12:35:02","80","10.0.2.15","CadmusCo_3b:89:8d","41524","HTTP","639","HTTP/1.1 404 Not Found  (text/html)"
"480","105.770955000","10.0.2.15","CadmusCo_3b:89:8d","41524","91.189.91.13","RealtekU_12:35:02","80","HTTP","280","GET /ubuntu/dists/quantal-security/restricted/i18n/Translation-en_GB HTTP/1.1 "
"481","105.771580000","91.189.91.13","RealtekU_12:35:02","80","10.0.2.15","CadmusCo_3b:89:8d","41524","TCP","60","http > 41524 [ACK] Seq=14627 Ack=7843 Win=65535 Len=0"
"482","105.879873000","91.189.91.13","RealtekU_12:35:02","80","10.0.2.15","CadmusCo_3b:89:8d","41524","HTTP","639","HTTP/1.1 404 Not Found  (text/html)"
"483","105.882977000","10.0.2.15","CadmusCo_3b:89:8d","41524","91.189.91.13","RealtekU_12:35:02","80","HTTP","278","GET /ubuntu/dists/quantal-security/universe/i18n/Translation-en_GB HTTP/1.1 "
"484","105.884380000","91.189.91.13","RealtekU_12:35:02","80","10.0.2.15","CadmusCo_3b:89:8d","41524","TCP","60","http > 41524 [ACK] Seq=15212 Ack=8067 Win=65535 Len=0"
"485","105.989992000","91.189.91.13","RealtekU_12:35:02","80","10.0.2.15","CadmusCo_3b:89:8d","41524","HTTP","637","HTTP/1.1 404 Not Found  (text/html)"
"486","106.015579000","10.0.2.15","CadmusCo_3b:89:8d","33887","91.189.88.33","RealtekU_12:35:02","80","TCP","54","33887 > http [FIN, ACK] Seq=3119 Ack=6907 Win=30744 Len=0"
"487","106.016322000","91.189.88.33","RealtekU_12:35:02","80","10.0.2.15","CadmusCo_3b:89:8d","33887","TCP","60","http > 33887 [ACK] Seq=6907 Ack=3120 Win=65535 Len=0"
"488","106.019811000","10.0.2.15","CadmusCo_3b:89:8d","41524","91.189.91.13","RealtekU_12:35:02","80","TCP","54","41524 > http [FIN, ACK] Seq=8067 Ack=15795 Win=41748 Len=0"
"489","106.020745000","91.189.91.13","RealtekU_12:35:02","80","10.0.2.15","CadmusCo_3b:89:8d","41524","TCP","60","http > 41524 [ACK] Seq=15795 Ack=8068 Win=65535 Len=0"
"490","106.030137000","10.0.2.15","CadmusCo_3b:89:8d","57498","194.169.254.10","RealtekU_12:35:02","80","TCP","54","57498 > http [FIN, ACK] Seq=20970 Ack=35589 Win=41734 Len=0"
"491","106.030914000","194.169.254.10","RealtekU_12:35:02","80","10.0.2.15","CadmusCo_3b:89:8d","57498","TCP","60","http > 57498 [ACK] Seq=35589 Ack=20971 Win=65535 Len=0"
"492","106.045344000","91.189.88.33","RealtekU_12:35:02","80","10.0.2.15","CadmusCo_3b:89:8d","33887","TCP","60","http > 33887 [FIN, ACK] Seq=6907 Ack=3120 Win=65535 Len=0"
"493","106.045467000","10.0.2.15","CadmusCo_3b:89:8d","33887","91.189.88.33","RealtekU_12:35:02","80","TCP","54","33887 > http [ACK] Seq=3120 Ack=6908 Win=30744 Len=0"
"494","106.058018000","194.169.254.10","RealtekU_12:35:02","80","10.0.2.15","CadmusCo_3b:89:8d","57498","TCP","60","http > 57498 [FIN, ACK] Seq=35589 Ack=20971 Win=65535 Len=0"
"495","106.058194000","10.0.2.15","CadmusCo_3b:89:8d","57498","194.169.254.10","RealtekU_12:35:02","80","TCP","54","57498 > http [ACK] Seq=20971 Ack=35590 Win=41734 Len=0"
"496","106.121930000","91.189.91.13","RealtekU_12:35:02","80","10.0.2.15","CadmusCo_3b:89:8d","41524","TCP","60","http > 41524 [FIN, ACK] Seq=15795 Ack=8068 Win=65535 Len=0"
"497","106.122082000","10.0.2.15","CadmusCo_3b:89:8d","41524","91.189.91.13","RealtekU_12:35:02","80","TCP","54","41524 > http [ACK] Seq=8068 Ack=15796 Win=41748 Len=0"
